canonical_author,n_works,cells,titles
abel_suzanne,1,C_FORMULAIC_FR,La Poussiere Des Souvenirs
agnes_lugand,2,D_SOURCE_REAL_FR,Entre Mes Mains Le Bonheur Se Faufile / La Vie Est Facile Ne Tinquiete Pas
agnieszka_szpila,1,C_FORMULAIC_FR,Hexes
aj_broochmitt,1,C_FORMULAIC_FR,Ces Silences Que Lon Regrette
aldiss_brian,1,C_FORMULAIC_FR,La Tour Des Damnes
alexie_fioren,1,C_FORMULAIC_FR,The Joker And The Queen
alice_feeney,1,C_FORMULAIC_FR,Dix Ans Noces De Sang
alicia_garnier,1,C_FORMULAIC_FR,Willow Lake
alissa_wenz,1,C_FORMULAIC_FR,Le Desir Dans La Cage
alisson_bento,1,C_FORMULAIC_EN,Claimed By The Mountain Kings
alix_keybell,1,C_FORMULAIC_FR,De Sable Et Decailles
allix_stephane,1,C_FORMULAIC_FR,La Preuve
alston,1,C_FORMULAIC_FR,Amari Et Le Bureau Des Affaires Surnaturelles Tome 1
amelie_castier,1,C_FORMULAIC_FR,Jusqua Ce Que La Mort Nous Separe
amy_newbold,1,C_FORMULAIC_EN,A Lady Most Alluring A Grimm Regency Tale
ana_evernight,1,C_FORMULAIC_FR,Black Feathers Tome 3
ana_haug,1,C_FORMULAIC_EN,The Striker
andrea_byrd,1,C_FORMULAIC_EN,Chancing The Frontiersmans Heart
andrews_lyla,1,C_FORMULAIC_EN,Liminal
andy_holmes,1,C_FORMULAIC_EN,Recall
anita_rigins,1,C_FORMULAIC_FR,The Whisperer
ankaoua_maud,1,C_FORMULAIC_FR,Respire
ann_clara,1,C_FORMULAIC_FR,Code Of Silence
ann_mary,2,C_FORMULAIC_FR,La Lame Des Glaces / Le Sable Des Trahisons
anna_briac,1,C_FORMULAIC_FR,Dencre Et De Sang
anna_triss,3,C_FORMULAIC_FR|D_SOURCE_REAL_FR,La Guilde Des Ombres / La Guilde Des Ombres / La Guilde Des Ombres Tome 1
anna_zaires,1,C_FORMULAIC_FR,Mon Obsession
anne_robillard,2,C_FORMULAIC_FR,Irianeth / Lheritage De Danalieth
annette_lyon,1,C_FORMULAIC_EN,Falling To Pieces
annie_jay,1,C_FORMULAIC_FR,Elisabeth Princesse A Versailles Tome 12
annie_lampman,1,C_FORMULAIC_EN,The Origin Of Ava A Novel
anouk_shutterberg,1,C_FORMULAIC_FR,14 Minutes 2 Secondes
antoinette_sherell,1,C_FORMULAIC_EN,A Ghetto Tale From Ebony Ladies Night Chronicles
arizona_brook,1,C_FORMULAIC_FR,Bikers Law Tome 3
arizona_brooks,2,C_FORMULAIC_FR,Biker Law Tome 1 / Bikers Law Tome 2
armand_cecilia,2,C_FORMULAIC_FR,10 Days / The Eclipse
aurelie_valognes,2,D_SOURCE_REAL_FR,Lenvol / La Ritournelle
austen,2,MASTER_NATIVE_EN,Austen Northanger / Austen Persuasion
barlow_devan,1,C_FORMULAIC_EN,Honey And Harm
barry_hoffner,1,C_FORMULAIC_EN,Belonging To The World
beauvoir,2,MASTER_NATIVE_FR,La Force De Lage / La Force Des Choses
bellow,2,MASTER_NATIVE_EN,Henderson The Rain King / Herzog
bernard_werber,2,D_SOURCE_REAL_FR,Le Souffle Des Dieux / Le Papillon Des Etoiles
bronte,2,MASTER_NATIVE_EN,Wuthering Heights / Jane Eyre
brown_dan,1,C_FORMULAIC_EN,The Lost Symbol -special Illustrated Edition Https
brown_woody,1,C_FORMULAIC_EN,Upward Bound
bruce_jean,2,D_SOURCE_REAL_FR,Affaire N 1 / Carte Blanche Pour Oss 117
bussi_michel,2,D_SOURCE_REAL_FR,Code 612 Qui A Tue Le Petit Prince / Maman A Tort
butor,1,MASTER_NATIVE_FR,La Modification
byrd_charlotte,1,D_SOURCE_REAL_FR,Le Parfait Alibi
camus,2,MASTER_NATIVE_FR,Lexil Et Le Royaume / La Chute
caravan_tp,1,C_FORMULAIC_EN,Short Fiction Complete Illustrated
carrera_cristy,1,C_FORMULAIC_EN,Sink Or Burn
celine,1,MASTER_NATIVE_FR,Voyage Au Bout De La Nuit
chateaubriand,1,MASTER_NATIVE_FR,Chateaubriand Rene
chattam_maxime,2,D_SOURCE_REAL_FR,82 Secondes / Lame Du Mal
christian_jacq,2,D_SOURCE_REAL_FR,Jai Construit La Grande Pyramide / La Guerre Des Couronnes
christina_lauren,1,C_FORMULAIC_EN,In A Holidaze
clark_higgins,2,D_SOURCE_REAL_FR,Joyeux Noel Merry Christmas / La Mariee Etait En Blanc
clezio,2,MASTER_NATIVE_FR,Avers / La Quarantaine
conrad,2,MASTER_NATIVE_EN,Heart Of Darkness And Other Tales / Lord Jim N Nostromo
costello_mary,1,C_FORMULAIC_EN,A Beautiful Loan
cree_say,1,C_FORMULAIC_EN,A Symphony Of Secrets The Sins We Hide Series Book 4
dare_manus,1,C_FORMULAIC_EN,Cheating With My Boyfriends Bully 2
de_gerard,2,D_SOURCE_REAL_FR,Au Nom Dallah / Aurore Noire
defoe,1,MASTER_NATIVE_EN,Defoe Crusoe
delillo,2,MASTER_NATIVE_EN,End Zone / The Day Room
devilliers_gerard,1,D_SOURCE_REAL_FR,Sas Visa Pour Cuba
dickens,2,MASTER_NATIVE_EN,Dickens Copperfield / Dickens Oliver
dreiser,2,MASTER_NATIVE_EN,An American Tragedy / Letters To Women New Letters Volume 2
duras,1,MASTER_NATIVE_FR,Lamant
eliot,2,MASTER_NATIVE_EN,Middlemarch / Silas Marner
emilia_langford,1,C_FORMULAIC_EN,The Last Royal Dragon The Chained Crown
eric_giacometti,2,D_SOURCE_REAL_FR,La Croix Des Assassins / Lux Tenebrae
ernaux,2,MASTER_NATIVE_FR,Ce Quils Disent Ou Rien / La Femme Gelee
faulkner,2,MASTER_NATIVE_EN,Absalom Absalom / As I Lay Dying
feval_paul,2,D_SOURCE_REAL_FR,La Rue De Jerusalem / La Maison De Pilate
fielding,1,MASTER_NATIVE_EN,Jones
fitzgerald,1,MASTER_NATIVE_EN,Fitzgerald Gatsby
flaubert,2,MASTER_NATIVE_FR,Flaubert Bovary / Flaubert Education
forster,2,MASTER_NATIVE_EN,Forster Howards / Forster Room
fox_lindsey,1,C_FORMULAIC_EN,My Primitive Alien Exile
frances_pearce,1,C_FORMULAIC_EN,Deadly Vaccine Zombie Apocalypse Book Two
franck_thilliez,2,D_SOURCE_REAL_FR,1991 Les Enquetes De Sharko Tome 1 / A Retardement
gerald_rice,1,C_FORMULAIC_EN,The Ghost Toucher
gilles_legardinier,2,D_SOURCE_REAL_FR,Demain Jarrete / Jai Encore Menti
gordon_nicholas,1,C_FORMULAIC_EN,Hallowed Be Thy Gore
grace_hannah,1,C_FORMULAIC_EN,Icebreakers
grillet,1,MASTER_NATIVE_FR,Lannee Derniere A Marienbad
grimes_martha,1,C_FORMULAIC_EN,The Train Now Departing
grump_living,1,C_FORMULAIC_EN,Living Next To The Grump
handberg_ron,1,C_FORMULAIC_EN,Cry Vengeance
hannah_ryder,1,C_FORMULAIC_EN,Secret Twins For My Brothers Best Friends
hardy,2,MASTER_NATIVE_EN,Far From The Madding Crowd / Jude The Obscure
haw_penny,1,C_FORMULAIC_EN,The Woman And Her Stars
hawthorne,1,MASTER_NATIVE_EN,Hawthorne Scarlet
hemingway,2,MASTER_NATIVE_EN,Dateline Toronto / Men Without Women
hugo,2,MASTER_NATIVE_FR,La Legende Des Siecles / Le Roi Samuse
james,2,MASTER_NATIVE_EN,The Ambassadors / The Turn Of The Screw
malraux,2,MASTER_NATIVE_FR,La Voie Royale / La Condition Humaine
merimee,2,MASTER_NATIVE_FR,Merimee Carmen / Merimee Mateo
modiano,2,MASTER_NATIVE_FR,Encre Sympathique / La Ronde De Nuit
perec,1,MASTER_NATIVE_FR,La Vie Mode Demploi
proust,2,MASTER_NATIVE_FR,Du Cote De Chez Swann / Proust Swann
quignard,2,MASTER_NATIVE_FR,Le Salon Du Wurtemberg / Terrasse A Rome
sarraute,2,MASTER_NATIVE_FR,Enfance / Le Planetarium
