{
  "module": "@omega/mycelium",
  "version": "1.0.0",
  "phase": "29.2",
  "status": "SEALED",
  "sealedAt": "2026-01-09T21:55:00Z",
  "standard": "NASA-Grade L4 / DO-178C Level A",

  "metrics": {
    "tests": {
      "total": 97,
      "passed": 97,
      "failed": 0,
      "skipped": 0,
      "duration": "336ms"
    },
    "invariants": {
      "total": 12,
      "proven": 12,
      "ids": [
        "INV-MYC-01",
        "INV-MYC-02",
        "INV-MYC-03",
        "INV-MYC-04",
        "INV-MYC-05",
        "INV-MYC-06",
        "INV-MYC-07",
        "INV-MYC-08",
        "INV-MYC-09",
        "INV-MYC-10",
        "INV-MYC-11",
        "INV-MYC-12"
      ]
    },
    "rejections": {
      "total": 20,
      "implemented": 20,
      "range": "REJ-MYC-001 to REJ-MYC-900"
    },
    "gates": {
      "total": 5,
      "implemented": 5,
      "ids": [
        "GATE-MYC-01",
        "GATE-MYC-02",
        "GATE-MYC-03",
        "GATE-MYC-04",
        "GATE-MYC-05"
      ]
    },
    "boundaryInvariants": {
      "total": 4,
      "respected": 4,
      "ids": [
        "INV-BOUND-01",
        "INV-BOUND-02",
        "INV-BOUND-03",
        "INV-BOUND-04"
      ]
    },
    "testCategories": {
      "total": 8,
      "complete": 8,
      "distribution": {
        "CAT-A": 14,
        "CAT-B": 13,
        "CAT-C": 14,
        "CAT-D": 9,
        "CAT-E": 9,
        "CAT-F": 15,
        "CAT-G": 10,
        "CAT-H": 13
      }
    }
  },

  "files": {
    "source": {
      "src/index.ts": "019582f6099c83ed75ca608ff737dc8bdc113222483e6f36646e960522635bdd",
      "src/constants.ts": "940d50b0c77bc2368274d18b6a0a61b0af2813176dba8ab7dced2c36ada821ca",
      "src/types.ts": "3dde86655304c6afb1cc91787e1d0a849b703151057f04b8893eeb403d9f5011",
      "src/validator.ts": "131a99888699bb14385406b6f2fffe2946cca0d409e06adaa824e583e80859a7",
      "src/normalizer.ts": "8dc7a4b171dce0987acb003ab8736e7f3201f09f3a4e82a07e7ec74176cdb2de",
      "src/mycelium.ts": "2d6ffc4f0050ef8b65d5381a3afc0de399323c9b37a13424f7e9fdcf1affea74"
    },
    "tests": {
      "test/invariants/cat-a.test.ts": "eb914618e4a4ca7a5c34320d99dfd7cb57c1586cdb10f9e2078c425850ade356",
      "test/invariants/cat-b.test.ts": "153e74f6b1b712586888c7aa5800c48c496f40902efcc5ee63ec5f4fca5dd2fe",
      "test/invariants/cat-c.test.ts": "85de84f3d365ae7f6384efc0c21f7ca3aceeff62a684c5409f4a5d4ceeeff1d9",
      "test/invariants/cat-d.test.ts": "fef6eed35b887853004a2fb19af7f954ba1dc454614cb57294e7619e7e8a0f34",
      "test/invariants/cat-e.test.ts": "50bf0507337f215cdff670e0eb546d9a41ec998ca72fe6a32255eee652314c4d",
      "test/invariants/cat-f.test.ts": "7dfe0b39face3c0c395c9eec46d483c827b259fdfeb12c5ddf7f0a84e99f4784",
      "test/invariants/cat-g.test.ts": "5405055556c065ddfa2f3979e474eb63cefe75ad6f058231cc5b86823a16e26e",
      "test/invariants/cat-h.test.ts": "f44bcc94972fe6b0fcb29cb44fd77adad65d7cc0c1d3ac1c9e5f8b6d843cbfb8"
    },
    "config": {
      "package.json": "146b1f60cba00344a5d1dad374a222bbacc02a515eabdda55605382bc805ec5c",
      "tsconfig.json": "6b4de2f122993b8a458398e1c556bdfb4eb4d8bafd3b5d3d9728fec3f9cd09a3",
      "vitest.config.ts": "672e68bd038294facc9d03af4b34b79f4c1a1dcb5210574f95bd9d3bf670996a"
    }
  },

  "contracts": {
    "input": "DNA_INPUT_CONTRACT.md",
    "invariants": "MYCELIUM_INVARIANTS.md",
    "rejections": "MYCELIUM_REJECTION_CATALOG.md",
    "boundary": "BOUNDARY_MYCELIUM_GENOME.md",
    "validation": "MYCELIUM_VALIDATION_PLAN.md",
    "categories": "MYCELIUM_TEST_CATEGORIES.md",
    "proof": "MYCELIUM_PROOF_REQUIREMENTS.md"
  },

  "attestation": {
    "certifiedBy": "Claude Code",
    "authorizedBy": "Francky (Architecte Suprême)",
    "standard": "NASA-Grade L4 / DO-178C Level A / SpaceX FRR"
  }
}
