titre,auteur,groupe,langue,I,T,N_rev,S,FL,MS,Omega,U,DR,LP,E_emo,E_cog,CE,Arc_rev,R,W,PVI,SP,Q_prose,ventes_rang,confiance,goulots,FL_source,FL_proxy_original
Harry Potter Philosopher's Stone,J.K. Rowling,EN-A,EN,0.85,0.88,4,0.8,0.2098,0.65,0.85,0.95,0.12,0.18,0.8346,0.1533,5.445,1.2,0.7371,0.7667,3.6929,73.8571,65,1,E,,NLP_v2,0.15
Catching Fire,Suzanne Collins,EN-A,EN,0.82,0.8,3,0.72,0.1897,0.55,0.78,0.8,0.12,0.2,0.7728,0.1512,5.1104,1.2,0.7089,0.706,3.0691,61.3825,52,1,E,,NLP_v2,0.15
Breaking Dawn,Stephenie Meyer,EN-A,EN,0.8,0.72,3,0.55,0.12,0.45,0.68,0.65,0.08,0.18,0.7015,0.1075,6.5256,1.2,0.6822,0.6271,3.3504,67.0079,38,1,E,,PROXY_no_pattern,0.12
It Ends With Us,Colleen Hoover,EN-A,EN,0.85,0.75,2,0.55,0.1379,0.55,0.8,0.65,0.1,0.15,0.7391,0.1132,6.5309,1.0,0.6626,0.7006,3.0317,60.6342,45,1,E,,NLP_v2,0.12
To Kill a Mockingbird,Harper Lee,EN-C,EN,0.82,0.82,3,0.62,0.2066,0.78,0.78,0.92,0.15,0.22,0.7639,0.157,4.8653,1.2,0.7138,0.7255,3.0236,60.4718,82,,E,,NLP_v2,0.18
And Then There Were None,Agatha Christie,EN-A,EN,0.68,0.8,4,0.85,0.2103,0.62,0.82,0.85,0.1,0.18,0.7221,0.1511,4.779,1.2,0.6637,0.6779,2.5803,51.605,60,1,E,,NLP_v2,0.15
Mockingjay,Suzanne Collins,EN-A,EN,0.78,0.78,3,0.68,0.15,0.55,0.72,0.78,0.12,0.2,0.7373,0.1309,5.6333,1.2,0.6913,0.6611,3.089,61.7806,50,2,E,,PROXY_no_pattern,0.15
One for the Money,Janet Evanovich,EN-A,EN,0.78,0.72,3,0.65,0.15,0.55,0.72,0.82,0.12,0.18,0.7083,0.1279,5.5393,1.2,0.6757,0.6682,3.0011,60.0217,52,3,E,,PROXY_no_pattern,0.15
Murder on the Orient Express,Agatha Christie,EN-A,EN,0.65,0.78,3,0.82,0.15,0.62,0.82,0.82,0.1,0.18,0.6939,0.1212,5.7225,1.2,0.6482,0.6606,2.9403,58.8066,60,2,E,,PROXY_no_pattern,0.15
Divergent,Veronica Roth,EN-A,EN,0.78,0.75,3,0.68,0.2069,0.52,0.72,0.72,0.12,0.2,0.7254,0.1616,4.4889,1.2,0.6835,0.6502,2.394,47.8807,45,3,E,,NLP_v2,0.15
50 Shades of Grey (EN),EL James,EN-A,EN,0.8,0.72,2,0.45,0.2445,0.4,0.65,0.7,0.08,0.15,0.6845,0.173,3.9572,1.0,0.6374,0.6225,1.57,31.3999,32,1,E,,NLP_v2,0.1
Along Came a Spider,James Patterson,EN-A,EN,0.72,0.75,3,0.78,0.15,0.5,0.75,0.78,0.12,0.18,0.7116,0.1298,5.4844,1.2,0.6637,0.6502,2.8403,56.8063,42,2,E,,PROXY_no_pattern,0.15
Gone Girl,Gillian Flynn,EN-A,EN,0.78,0.82,4,0.85,0.1954,0.72,0.75,0.9,0.15,0.25,0.782,0.1593,4.9081,1.2,0.7014,0.6951,2.8714,57.4285,68,1,E,,NLP_v2,0.2
1984,George Orwell,EN-C,EN,0.72,0.8,3,0.72,0.2322,0.72,0.78,0.9,0.18,0.22,0.7208,0.1781,4.0464,1.2,0.677,0.6848,2.2512,45.0236,75,,E,,NLP_v2,0.18
Eclipse,Stephenie Meyer,EN-A,EN,0.82,0.72,2,0.52,0.12,0.45,0.65,0.62,0.08,0.18,0.7066,0.1075,6.5727,1.0,0.6443,0.6159,2.6079,52.1587,38,2,E,,PROXY_no_pattern,0.12
Fifty Shades Darker,EL James,EN-A,EN,0.78,0.7,2,0.42,0.1,0.4,0.62,0.65,0.08,0.15,0.6613,0.0935,7.0727,1.0,0.6248,0.59,2.6073,52.146,32,2,P,,PROXY_no_pattern,0.1
Ugly Love,Colleen Hoover,EN-A,EN,0.8,0.7,2,0.48,0.12,0.5,0.72,0.6,0.1,0.15,0.6816,0.1055,6.4607,1.0,0.6318,0.6365,2.598,51.9591,42,3,P,,PROXY_no_pattern,0.12
Carrie,Stephen King,EN-A,EN,0.72,0.78,3,0.75,0.2454,0.62,0.78,0.82,0.15,0.22,0.7181,0.1845,3.8929,1.2,0.6717,0.6708,2.1051,42.1018,62,3,E,,NLP_v2,0.18
The Old Man and the Sea,Ernest Hemingway,EN-C,EN,0.72,0.82,2,0.48,0.2252,0.85,0.72,0.85,0.12,0.18,0.6878,0.1495,4.5996,1.0,0.6374,0.6493,1.9036,38.0716,88,,E,,NLP_v2,0.15
The Catcher in the Rye,J.D. Salinger,EN-C,EN,0.82,0.75,2,0.55,0.1276,0.72,0.55,0.92,0.12,0.18,0.7238,0.111,6.5219,1.0,0.6525,0.6253,2.6608,53.2169,78,,E,,NLP_v2,0.15
Fifty Shades Freed,EL James,EN-A,EN,0.75,0.68,2,0.4,0.1,0.4,0.65,0.62,0.08,0.15,0.6349,0.0935,6.7904,1.0,0.6085,0.5856,2.4199,48.397,32,3,P,,PROXY_no_pattern,0.1
Hitchhiker's Guide,Douglas Adams,EN-A,EN,0.72,0.75,4,0.82,0.18,0.72,0.62,0.88,0.15,0.2,0.7184,0.1446,4.9682,1.2,0.6637,0.6083,2.4069,48.1388,72,1,E,,PROXY_no_pattern,0.18
Guards! Guards!,Terry Pratchett,EN-A,EN,0.72,0.75,3,0.72,0.18,0.72,0.7,0.82,0.15,0.22,0.7014,0.1476,4.752,1.2,0.6637,0.6346,2.4019,48.0383,70,2,E,,PROXY_no_pattern,0.18
Master of the Game,Sidney Sheldon,EN-A,EN,0.72,0.75,4,0.72,0.18,0.55,0.78,0.8,0.15,0.22,0.7014,0.1552,4.5179,1.2,0.6637,0.6673,2.4012,48.0246,48,2,E,,PROXY_no_pattern,0.18
Killing Floor,Lee Child,EN-A,EN,0.72,0.75,3,0.75,0.18,0.55,0.75,0.82,0.15,0.22,0.7065,0.1552,4.5507,1.2,0.6637,0.6575,2.383,47.6605,52,2,E,,PROXY_no_pattern,0.18
Of Mice and Men,John Steinbeck,EN-C,EN,0.78,0.78,2,0.62,0.18,0.75,0.78,0.88,0.15,0.18,0.7271,0.1402,5.184,1.0,0.647,0.7043,2.3625,47.2494,80,,E,,PROXY_no_pattern,0.18
Cross and Sampson,James Patterson,EN-A,EN,0.68,0.7,3,0.72,0.15,0.48,0.72,0.72,0.12,0.18,0.6618,0.1305,5.0713,1.2,0.6365,0.6083,2.3559,47.1175,40,4,P,,PROXY_no_pattern,0.15
A Time to Kill,John Grisham,EN-A,EN,0.75,0.72,3,0.68,0.18,0.55,0.78,0.78,0.18,0.22,0.6982,0.1613,4.3299,1.2,0.6657,0.6757,2.3373,46.7457,55,3,E,,PROXY_no_pattern,0.18
The Martian,Andy Weir,EN-A,EN,0.78,0.8,4,0.75,0.2055,0.58,0.78,0.82,0.22,0.22,0.7571,0.1808,4.188,1.2,0.6964,0.6942,2.4296,48.5913,58,2,E,,NLP_v2,0.22
One Step Too Far,Lisa Gardner,EN-A,EN,0.72,0.75,3,0.72,0.18,0.55,0.75,0.75,0.15,0.22,0.7014,0.1552,4.5179,1.2,0.6637,0.6447,2.3201,46.401,52,4,P,,PROXY_no_pattern,0.18
The Firm,John Grisham,EN-A,EN,0.72,0.75,3,0.72,0.18,0.55,0.78,0.8,0.18,0.22,0.7014,0.1613,4.3498,1.2,0.6637,0.6673,2.3119,46.2377,55,1,E,,PROXY_no_pattern,0.18
Fight Club,Chuck Palahniuk,EN-A,EN,0.75,0.78,3,0.8,0.2072,0.78,0.75,0.9,0.18,0.22,0.7422,0.1633,4.5454,1.2,0.6816,0.6835,2.5411,50.821,72,1,E,,NLP_v2,0.25
The Handmaid's Tale,Margaret Atwood,EN-C,EN,0.75,0.8,3,0.68,0.22,0.78,0.72,0.88,0.2,0.25,0.7296,0.1776,4.1081,1.2,0.6868,0.6669,2.2577,45.1532,80,,E,,PROXY_no_pattern,0.22
Neverwhere,Neil Gaiman,EN-A,EN,0.72,0.8,3,0.68,0.2,0.7,0.72,0.78,0.18,0.22,0.714,0.164,4.3537,1.2,0.677,0.6365,2.2511,45.0213,68,4,E,,PROXY_no_pattern,0.2
The Big Sleep,Raymond Chandler,EN-A,EN,0.72,0.8,3,0.72,0.22,0.78,0.72,0.88,0.18,0.25,0.7208,0.1736,4.1521,1.2,0.677,0.6548,2.2086,44.1713,75,2,E,,PROXY_no_pattern,0.22
Counting Miracles,Nicholas Sparks,EN-A,EN,0.75,0.68,2,0.45,0.12,0.5,0.72,0.6,0.1,0.18,0.6434,0.11,5.8491,1.0,0.6085,0.6154,2.1902,43.8049,42,4,P,,PROXY_no_pattern,0.12
The Other Side of Midnight,Sidney Sheldon,EN-A,EN,0.7,0.72,3,0.68,0.18,0.52,0.75,0.78,0.15,0.22,0.6728,0.1566,4.2963,1.2,0.6489,0.642,2.1476,42.9515,48,4,E,,PROXY_no_pattern,0.18
Exit Strategy,Lee Child,EN-A,EN,0.7,0.72,3,0.72,0.18,0.52,0.72,0.78,0.15,0.22,0.6796,0.1566,4.3397,1.2,0.6489,0.6281,2.1223,42.4459,50,5,P,,PROXY_no_pattern,0.18
The Maltese Falcon,Dashiell Hammett,EN-A,EN,0.7,0.78,3,0.72,0.22,0.72,0.75,0.88,0.18,0.25,0.7027,0.1769,3.9723,1.2,0.6651,0.6602,2.0929,41.8575,72,3,E,,PROXY_no_pattern,0.22
Kiss Her Goodbye,Lisa Gardner,EN-A,EN,0.7,0.72,3,0.7,0.18,0.55,0.72,0.72,0.15,0.22,0.6762,0.1552,4.3556,1.2,0.6489,0.6168,2.0918,41.8357,52,5,P,,PROXY_no_pattern,0.18
Small Gods,Terry Pratchett,EN-A,EN,0.68,0.72,3,0.68,0.18,0.7,0.68,0.8,0.15,0.22,0.6626,0.1485,4.4622,1.2,0.642,0.6044,2.0778,41.5568,70,4,E,,PROXY_no_pattern,0.18
For Whom the Bell Tolls,Ernest Hemingway,EN-C,EN,0.7,0.8,3,0.55,0.2,0.8,0.72,0.8,0.2,0.25,0.6815,0.1675,4.0687,1.2,0.6704,0.6318,2.068,41.3604,84,,E,,PROXY_no_pattern,0.2
The Pelican Brief,John Grisham,EN-A,EN,0.7,0.72,3,0.7,0.18,0.52,0.75,0.75,0.18,0.22,0.6762,0.1626,4.1587,1.2,0.6489,0.6365,2.0609,41.2172,52,4,E,,PROXY_no_pattern,0.18
Hidden Nature,Nora Roberts,EN-A,EN,0.72,0.68,2,0.48,0.12,0.5,0.72,0.58,0.1,0.18,0.6334,0.11,5.7585,1.0,0.5977,0.5987,2.0607,41.2141,40,3,P,,PROXY_no_pattern,0.12
Farewell My Lovely,Raymond Chandler,EN-A,EN,0.7,0.78,3,0.68,0.22,0.78,0.72,0.85,0.18,0.25,0.6959,0.1736,4.0086,1.2,0.6651,0.6411,2.0509,41.0189,75,4,E,,PROXY_no_pattern,0.22
Genesis,Karin Slaughter,EN-A,EN,0.72,0.72,3,0.72,0.2,0.55,0.75,0.75,0.18,0.22,0.6898,0.1715,4.0219,1.2,0.6557,0.6447,2.0402,40.8044,52,4,E,,PROXY_no_pattern,0.2
The Name of the Wind,Patrick Rothfuss,EN-A,EN,0.78,0.82,3,0.68,0.22,0.72,0.55,0.82,0.2,0.28,0.7531,0.1854,4.0622,1.2,0.7014,0.589,2.014,40.2802,72,2,E,,PROXY_no_pattern,0.22
Intensity,Dean Koontz,EN-A,EN,0.72,0.8,2,0.82,0.18,0.58,0.72,0.72,0.12,0.2,0.7378,0.1449,5.0918,1.0,0.6318,0.6253,2.0115,40.2309,55,4,E,,PROXY_no_pattern,0.18
Huck Finn,Mark Twain,EN-C,EN,0.78,0.78,3,0.62,0.25,0.72,0.68,0.88,0.2,0.28,0.7271,0.1995,3.6444,1.2,0.6913,0.6611,1.9984,39.9683,78,,E,,PROXY_no_pattern,0.25
The Other Boleyn Girl,Philippa Gregory,EN-A,EN,0.75,0.78,3,0.62,0.22,0.62,0.72,0.78,0.22,0.28,0.7116,0.1949,3.6508,1.2,0.6816,0.6489,1.9375,38.7491,58,2,E,,PROXY_no_pattern,0.22
DinoPark,Michael Crichton,EN-A,EN,0.65,0.8,3,0.78,0.2,0.55,0.75,0.8,0.22,0.22,0.6946,0.1795,3.8696,1.2,0.6536,0.6248,1.8964,37.9275,55,1,E,,PROXY_no_pattern,0.2
The Bourne Identity,Robert Ludlum,EN-A,EN,0.72,0.78,4,0.78,0.25,0.58,0.78,0.82,0.2,0.28,0.7232,0.2083,3.4729,1.2,0.6717,0.6708,1.878,37.5596,55,1,E,,PROXY_no_pattern,0.25
This is Why We Lied,Karin Slaughter,EN-A,EN,0.7,0.7,3,0.7,0.2,0.55,0.72,0.72,0.18,0.22,0.6685,0.1715,3.898,1.2,0.6434,0.6168,1.8562,37.1238,50,6,P,,PROXY_no_pattern,0.2
Seven Rings,Nora Roberts,EN-A,EN,0.7,0.65,2,0.45,0.12,0.48,0.7,0.55,0.1,0.18,0.6068,0.1106,5.486,1.0,0.5818,0.5744,1.8333,36.6669,38,5,P,,PROXY_no_pattern,0.12
Eye of the Needle,Ken Follett,EN-A,EN,0.68,0.78,3,0.72,0.22,0.62,0.78,0.8,0.22,0.28,0.6924,0.1949,3.5524,1.2,0.6584,0.6511,1.8274,36.5479,62,3,E,,PROXY_no_pattern,0.22
East of Eden,John Steinbeck,EN-C,EN,0.72,0.8,4,0.62,0.1851,0.78,0.75,0.82,0.22,0.32,0.7038,0.1762,3.9939,1.2,0.677,0.6575,2.1332,42.6639,82,,E,,NLP_v2,0.25
Resurrection,Danielle Steel,EN-A,EN,0.7,0.62,2,0.42,0.12,0.45,0.7,0.55,0.08,0.18,0.5901,0.1075,5.4893,1.0,0.573,0.5744,1.8068,36.1351,35,4,P,,PROXY_no_pattern,0.12
Half of a Yellow Sun,C.N. Adichie,EN-C,EN,0.72,0.78,3,0.58,0.25,0.78,0.72,0.8,0.22,0.28,0.6892,0.1998,3.4505,1.2,0.6717,0.6401,1.7805,35.6095,78,,E,,PROXY_no_pattern,0.25
Atonement,Ian McEwan,EN-C,EN,0.72,0.8,3,0.65,0.2373,0.82,0.78,0.82,0.25,0.3,0.7089,0.2006,3.5339,1.2,0.677,0.6708,1.926,38.519,82,,E,,NLP_v2,0.28
My Cousin Rachel,Daphne du Maurier,EN-A,EN,0.7,0.78,3,0.68,0.25,0.72,0.72,0.78,0.2,0.28,0.6959,0.1995,3.4882,1.2,0.6651,0.6281,1.7485,34.9706,68,5,E,,PROXY_no_pattern,0.25
Postmortem,Patricia Cornwell,EN-A,EN,0.68,0.72,3,0.72,0.22,0.58,0.75,0.78,0.2,0.25,0.6694,0.1886,3.5495,1.2,0.642,0.6337,1.7328,34.6555,55,3,E,,PROXY_no_pattern,0.22
The Great Gatsby,F. Scott Fitzgerald,EN-C,EN,0.65,0.78,3,0.62,0.2383,0.88,0.72,0.88,0.22,0.25,0.6599,0.184,3.5867,1.2,0.6482,0.6257,1.7457,34.9137,90,,E,,NLP_v2,0.25
The Butler,Danielle Steel,EN-A,EN,0.68,0.62,2,0.4,0.12,0.45,0.68,0.55,0.08,0.18,0.5768,0.1075,5.366,1.0,0.5656,0.5558,1.6868,33.736,35,5,P,,PROXY_no_pattern,0.12
A Farewell to Arms,Ernest Hemingway,EN-C,EN,0.68,0.78,2,0.52,0.18,0.82,0.72,0.8,0.18,0.22,0.6584,0.1491,4.4156,1.0,0.6121,0.6234,1.6848,33.6961,86,,E,,PROXY_no_pattern,0.18
Interview with the Vampire,Anne Rice,EN-A,EN,0.72,0.82,3,0.62,0.28,0.75,0.68,0.85,0.22,0.3,0.7116,0.2185,3.2566,1.2,0.6822,0.6309,1.682,33.6391,72,1,E,,PROXY_no_pattern,0.28
The Bourne Supremacy,Robert Ludlum,EN-A,EN,0.7,0.75,3,0.75,0.25,0.55,0.75,0.78,0.2,0.28,0.6962,0.2101,3.3135,1.2,0.657,0.642,1.6771,33.5427,52,3,P,,PROXY_no_pattern,0.25
Alias Grace,Margaret Atwood,EN-C,EN,0.7,0.75,3,0.62,0.25,0.78,0.68,0.82,0.22,0.28,0.6742,0.1998,3.375,1.2,0.657,0.6168,1.6412,32.8246,80,,E,,PROXY_no_pattern,0.25
The Grapes of Wrath,John Steinbeck,EN-C,EN,0.72,0.82,3,0.58,0.2615,0.8,0.72,0.85,0.25,0.35,0.7048,0.2202,3.2009,1.2,0.6822,0.6493,1.7015,34.0299,85,,E,,NLP_v2,0.28
Kavalier & Clay,Michael Chabon,EN-C,EN,0.72,0.78,4,0.62,0.28,0.78,0.72,0.85,0.25,0.3,0.696,0.2224,3.1297,1.2,0.6717,0.6493,1.638,32.7607,80,,E,,PROXY_no_pattern,0.28
American Gods,Neil Gaiman,EN-A,EN,0.68,0.78,3,0.65,0.25,0.72,0.68,0.8,0.22,0.28,0.6805,0.2035,3.3438,1.2,0.6584,0.6044,1.5967,31.935,72,2,E,,PROXY_no_pattern,0.25
The Spy Who Came in from the Cold,John le Carré,EN-A,EN,0.68,0.78,3,0.72,0.28,0.72,0.78,0.85,0.25,0.3,0.6924,0.2266,3.0554,1.2,0.6584,0.6602,1.5936,31.871,72,1,E,,PROXY_no_pattern,0.28
We Have Always Lived in the Castle,Shirley Jackson,EN-A,EN,0.7,0.8,2,0.65,0.22,0.8,0.65,0.85,0.18,0.22,0.6985,0.168,4.1577,1.0,0.6248,0.6083,1.5801,31.6025,78,4,E,,PROXY_no_pattern,0.22
Haunting of Hill House,Shirley Jackson,EN-A,EN,0.68,0.82,2,0.72,0.22,0.78,0.68,0.82,0.18,0.25,0.7076,0.1736,4.0763,1.0,0.6234,0.6083,1.5457,30.9134,75,3,E,,PROXY_no_pattern,0.22
On the Road,Jack Kerouac,EN-C,EN,0.72,0.78,3,0.55,0.25,0.72,0.52,0.82,0.18,0.28,0.6841,0.1955,3.4994,1.2,0.6717,0.5479,1.5454,30.9076,75,,E,,PROXY_no_pattern,0.25
Sahara,Clive Cussler,EN-A,EN,0.62,0.72,3,0.68,0.2,0.5,0.72,0.72,0.18,0.25,0.6322,0.1785,3.5415,1.2,0.621,0.5822,1.5367,30.7349,42,5,E,,PROXY_no_pattern,0.2
Origin,Dan Brown,EN-A,EN,0.65,0.75,4,0.78,0.22,0.5,0.72,0.75,0.25,0.25,0.6757,0.203,3.3287,1.2,0.6399,0.6011,1.5364,30.7288,45,3,E,,PROXY_no_pattern,0.22
Sphere,Michael Crichton,EN-A,EN,0.62,0.78,3,0.72,0.22,0.55,0.72,0.75,0.22,0.25,0.6613,0.1943,3.4046,1.2,0.6378,0.5881,1.5325,30.649,55,5,E,,PROXY_no_pattern,0.22
Body of Evidence,Patricia Cornwell,EN-A,EN,0.65,0.7,3,0.68,0.22,0.58,0.72,0.75,0.2,0.25,0.6399,0.1886,3.3926,1.2,0.626,0.6011,1.5318,30.6369,55,5,P,,PROXY_no_pattern,0.22
Slaughterhouse-Five,Kurt Vonnegut,EN-C,EN,0.65,0.72,3,0.68,0.22,0.75,0.62,0.85,0.22,0.25,0.6474,0.1833,3.5329,1.2,0.6316,0.572,1.5316,30.631,78,,E,,PROXY_no_pattern,0.22
Never Let Me Go,Kazuo Ishiguro,EN-C,EN,0.72,0.75,2,0.55,0.22,0.82,0.72,0.82,0.2,0.25,0.6725,0.1754,3.8341,1.0,0.6177,0.6438,1.5249,30.498,84,,E,,PROXY_no_pattern,0.22
Middlesex,Jeffrey Eugenides,EN-C,EN,0.72,0.75,3,0.58,0.28,0.78,0.68,0.82,0.25,0.3,0.6776,0.2224,3.0468,1.2,0.6637,0.6253,1.5174,30.3472,80,,E,,PROXY_no_pattern,0.28
The Lost Symbol,Dan Brown,EN-A,EN,0.65,0.75,4,0.75,0.22,0.5,0.72,0.72,0.25,0.25,0.6706,0.203,3.3036,1.2,0.6399,0.5953,1.5102,30.2042,45,4,E,,PROXY_no_pattern,0.22
Raise the Titanic,Clive Cussler,EN-A,EN,0.6,0.72,3,0.7,0.2,0.52,0.72,0.75,0.18,0.25,0.6254,0.1775,3.5234,1.2,0.614,0.5793,1.5038,30.077,45,4,E,,PROXY_no_pattern,0.2
Cujo,Stephen King,EN-A,EN,0.68,0.75,2,0.65,0.2,0.6,0.72,0.72,0.15,0.25,0.669,0.1675,3.994,1.0,0.6035,0.6083,1.4661,29.3221,58,8,E,,PROXY_no_pattern,0.2
Martin Eden,Jack London,EN-C,EN,0.72,0.72,3,0.55,0.28,0.72,0.68,0.78,0.22,0.3,0.6609,0.2206,2.9957,1.2,0.6557,0.6177,1.456,29.1208,75,,E,,PROXY_no_pattern,0.28
Hyperion,Dan Simmons,EN-A,EN,0.68,0.82,4,0.72,0.28,0.72,0.65,0.85,0.28,0.32,0.7076,0.2356,3.0036,1.2,0.6691,0.5996,1.4461,28.9214,72,3,E,,PROXY_no_pattern,0.28
The Goldfinch,Donna Tartt,EN-A,EN,0.72,0.82,3,0.62,0.2187,0.82,0.72,0.82,0.3,0.38,0.7116,0.2143,3.3201,1.2,0.6822,0.6438,1.7499,34.9985,82,3,E,,NLP_v2,0.32
Red Harvest,Dashiell Hammett,EN-A,EN,0.62,0.75,3,0.7,0.25,0.7,0.72,0.78,0.2,0.28,0.6467,0.2008,3.2217,1.2,0.6295,0.5939,1.4452,28.9048,70,6,E,,PROXY_no_pattern,0.25
Crossfire,Wilbur Smith,EN-A,EN,0.62,0.72,3,0.65,0.22,0.55,0.72,0.68,0.2,0.28,0.6271,0.1948,3.2198,1.2,0.621,0.5744,1.3784,27.5686,48,5,P,,PROXY_no_pattern,0.22
Congo,Michael Crichton,EN-A,EN,0.58,0.75,3,0.68,0.22,0.55,0.72,0.72,0.22,0.25,0.6229,0.1943,3.2064,1.2,0.6154,0.5646,1.337,26.7392,52,6,P,,PROXY_no_pattern,0.22
The Andromeda Strain,Michael Crichton,EN-A,EN,0.6,0.78,3,0.75,0.25,0.58,0.75,0.78,0.28,0.28,0.6561,0.2243,2.9258,1.2,0.6309,0.5996,1.3282,26.564,58,3,E,,PROXY_no_pattern,0.25
White Teeth,Zadie Smith,EN-C,EN,0.68,0.72,3,0.6,0.28,0.75,0.65,0.8,0.25,0.3,0.649,0.2245,2.891,1.2,0.642,0.59,1.3141,26.2815,78,,E,,PROXY_no_pattern,0.28
The War of the Worlds,H.G. Wells,EN-C,EN,0.6,0.78,3,0.68,0.28,0.68,0.72,0.8,0.22,0.28,0.6442,0.2204,2.9229,1.2,0.6309,0.589,1.3034,26.0683,70,,E,,PROXY_no_pattern,0.28
Dracula,Bram Stoker,EN-A,EN,0.65,0.78,3,0.72,0.32,0.68,0.72,0.9,0.25,0.35,0.6768,0.2561,2.6429,1.2,0.6482,0.6295,1.294,25.8801,65,1,E,,PROXY_no_pattern,0.32
The Secret History,Donna Tartt,EN-A,EN,0.7,0.82,3,0.65,0.2051,0.82,0.72,0.8,0.35,0.38,0.7062,0.2183,3.2354,1.2,0.6757,0.6318,1.6575,33.1495,80,5,E,,NLP_v2,0.35
The Road,Cormac McCarthy,EN-B,EN,0.72,0.82,2,0.65,0.2381,0.88,0.72,0.85,0.2,0.3,0.7167,0.1874,3.8246,1.0,0.6374,0.6493,1.5828,31.6563,90,,E,,NLP_v2,0.35
Cat's Cradle,Kurt Vonnegut,EN-C,EN,0.6,0.68,3,0.65,0.22,0.72,0.58,0.82,0.22,0.25,0.6021,0.1849,3.2564,1.2,0.6025,0.524,1.2337,24.6737,76,,E,,PROXY_no_pattern,0.22
Purple Hibiscus,C.N. Adichie,EN-C,EN,0.72,0.72,2,0.52,0.25,0.75,0.68,0.78,0.22,0.28,0.6558,0.2016,3.2524,1.0,0.6092,0.6177,1.224,24.4799,76,,E,,PROXY_no_pattern,0.25
Wuthering Heights,Emily Brontë,EN-C,EN,0.68,0.78,3,0.62,0.2807,0.82,0.72,0.88,0.28,0.38,0.6754,0.2379,2.8387,1.2,0.6584,0.6383,1.4315,28.63,85,,E,,NLP_v2,0.38
The Sun Also Rises,Ernest Hemingway,EN-C,EN,0.62,0.75,2,0.45,0.18,0.82,0.55,0.78,0.18,0.22,0.6042,0.1491,4.0526,1.0,0.5818,0.51,1.2024,24.0481,85,,E,,PROXY_no_pattern,0.18
Rising Sun,Michael Crichton,EN-A,EN,0.6,0.72,3,0.68,0.25,0.55,0.72,0.72,0.25,0.28,0.622,0.2201,2.8257,1.2,0.614,0.5735,1.1939,23.8771,52,7,P,,PROXY_no_pattern,0.25
No Country for Old Men,Cormac McCarthy,EN-B,EN,0.62,0.8,3,0.72,0.1814,0.85,0.68,0.88,0.22,0.32,0.6688,0.1714,3.9028,1.2,0.6434,0.5939,1.7894,35.7885,88,,E,,NLP_v2,0.38
The Hunt for Red October,Tom Clancy,EN-A,EN,0.62,0.78,3,0.72,0.32,0.58,0.78,0.8,0.3,0.35,0.6613,0.2741,2.4128,1.2,0.6378,0.6262,1.1565,23.1292,55,2,E,,PROXY_no_pattern,0.32
Sophie's Choice,William Styron,EN-B,EN,0.68,0.78,3,0.62,0.38,0.82,0.72,0.85,0.32,0.42,0.6754,0.2961,2.2809,1.2,0.6584,0.6327,1.1402,22.8034,88,,E,,PROXY_no_pattern,0.38
Americanah,C.N. Adichie,EN-C,EN,0.75,0.72,2,0.5,0.1974,0.75,0.65,0.78,0.25,0.3,0.6676,0.1863,3.5835,1.0,0.6199,0.6163,1.3691,27.3813,76,,E,,NLP_v2,0.28
Another Country,James Baldwin,EN-C,EN,0.68,0.7,3,0.52,0.3,0.78,0.58,0.78,0.25,0.32,0.6278,0.2345,2.6772,1.2,0.6365,0.5518,1.1283,22.5657,80,,E,,PROXY_no_pattern,0.3
On Chesil Beach,Ian McEwan,EN-C,EN,0.68,0.72,2,0.55,0.28,0.8,0.72,0.78,0.22,0.28,0.6405,0.212,3.0214,1.0,0.5948,0.6196,1.1136,22.2728,80,,E,,PROXY_no_pattern,0.28
Tinker Tailor Soldier Spy,John le Carré,EN-A,EN,0.62,0.75,3,0.68,0.32,0.72,0.72,0.82,0.3,0.35,0.6433,0.2629,2.4471,1.2,0.6295,0.6016,1.112,22.2401,72,3,E,,PROXY_no_pattern,0.32
Beloved,Toni Morrison,EN-B,EN,0.68,0.78,3,0.62,0.1958,0.88,0.72,0.88,0.32,0.42,0.6754,0.2112,3.1978,1.2,0.6584,0.6383,1.6126,32.2519,92,,E,,NLP_v2,0.42
Choke,Chuck Palahniuk,EN-A,EN,0.68,0.72,2,0.72,0.28,0.75,0.62,0.78,0.2,0.25,0.6694,0.207,3.234,1.0,0.5948,0.5715,1.0994,21.9883,68,5,E,,PROXY_no_pattern,0.28
The End of the Affair,Graham Greene,EN-C,EN,0.68,0.72,2,0.55,0.28,0.8,0.72,0.78,0.25,0.3,0.6405,0.221,2.8984,1.0,0.5948,0.6196,1.0683,21.3658,82,,E,,PROXY_no_pattern,0.28
Bellevue,Robin Cook,EN-A,EN,0.65,0.68,2,0.62,0.22,0.52,0.68,0.7,0.2,0.25,0.6221,0.1919,3.2418,1.0,0.5722,0.572,1.0611,21.222,48,6,P,,PROXY_no_pattern,0.22
Breakfast of Champions,Kurt Vonnegut,EN-C,EN,0.58,0.65,3,0.62,0.22,0.72,0.52,0.8,0.22,0.25,0.576,0.1849,3.1149,1.2,0.5866,0.481,1.0547,21.0944,75,,E,W<0.50,PROXY_no_pattern,0.22
Go Tell It on the Mountain,James Baldwin,EN-C,EN,0.72,0.72,2,0.52,0.3,0.8,0.62,0.78,0.25,0.3,0.6558,0.23,2.8511,1.0,0.6092,0.589,1.0231,20.4626,82,,E,,PROXY_no_pattern,0.3
Freedom,Jonathan Franzen,EN-C,EN,0.65,0.68,3,0.52,0.3,0.75,0.62,0.78,0.28,0.35,0.6051,0.2472,2.4473,1.2,0.6203,0.5582,1.017,20.34,78,,E,,PROXY_no_pattern,0.3
Tess of the d'Urbervilles,Thomas Hardy,EN-C,EN,0.65,0.75,3,0.55,0.38,0.8,0.68,0.82,0.3,0.4,0.6366,0.291,2.1877,1.2,0.6399,0.5953,1.0001,20.0021,82,,E,,PROXY_no_pattern,0.38
Bring Up the Bodies,Hilary Mantel,EN-A,EN,0.62,0.78,3,0.58,0.38,0.8,0.72,0.82,0.35,0.4,0.6375,0.301,2.1181,1.2,0.6378,0.6016,0.9753,19.5051,82,3,E,,PROXY_no_pattern,0.38
The Left Hand of Darkness,Ursula K. Le Guin,EN-C,EN,0.62,0.78,2,0.58,0.28,0.78,0.65,0.82,0.25,0.3,0.6375,0.2224,2.8666,1.0,0.5905,0.5676,0.9608,19.2153,82,,E,,PROXY_no_pattern,0.28
The Quiet American,Graham Greene,EN-C,EN,0.62,0.75,2,0.55,0.28,0.78,0.68,0.8,0.25,0.28,0.6212,0.2194,2.8316,1.0,0.5818,0.5783,0.9527,19.0543,80,,E,,PROXY_no_pattern,0.28
Far from the Madding Crowd,Thomas Hardy,EN-C,EN,0.62,0.72,3,0.52,0.35,0.78,0.68,0.78,0.28,0.38,0.605,0.2722,2.2221,1.2,0.621,0.5744,0.9513,19.0258,80,,E,,PROXY_no_pattern,0.35
Song of Solomon,Toni Morrison,EN-B,EN,0.65,0.75,3,0.55,0.1835,0.85,0.65,0.82,0.32,0.4,0.6366,0.2043,3.1164,1.2,0.6399,0.5808,1.3899,27.7975,90,,E,,NLP_v2,0.4
The Remains of the Day,Kazuo Ishiguro,EN-C,EN,0.62,0.72,2,0.48,0.28,0.85,0.72,0.82,0.25,0.3,0.5982,0.2175,2.7502,1.0,0.573,0.6016,0.9479,18.9587,86,,E,,PROXY_no_pattern,0.28
Down and Out in Paris and London,George Orwell,EN-C,EN,0.62,0.72,2,0.5,0.22,0.7,0.55,0.72,0.2,0.25,0.6016,0.182,3.3053,1.0,0.573,0.498,0.9431,18.8626,72,,E,W<0.50,PROXY_no_pattern,0.22
Clear and Present Danger,Tom Clancy,EN-A,EN,0.6,0.75,3,0.68,0.35,0.55,0.75,0.72,0.32,0.38,0.6331,0.3004,2.1077,1.2,0.6225,0.5881,0.9258,18.5166,52,5,E,,PROXY_no_pattern,0.35
The Garden of Eden,Ernest Hemingway,EN-C,EN,0.58,0.72,2,0.42,0.2,0.8,0.52,0.72,0.18,0.25,0.5676,0.1635,3.4718,1.0,0.5582,0.4651,0.9013,18.0264,82,,P,W<0.50,PROXY_no_pattern,0.2
The Time Machine,H.G. Wells,EN-C,EN,0.58,0.75,2,0.62,0.28,0.68,0.65,0.8,0.22,0.28,0.6127,0.2204,2.7797,1.0,0.5671,0.5459,0.8605,17.2098,70,,E,,PROXY_no_pattern,0.28
The Virgin Suicides,Jeffrey Eugenides,EN-C,EN,0.58,0.78,2,0.6,0.28,0.82,0.55,0.82,0.22,0.28,0.6203,0.2106,2.9452,1.0,0.5759,0.5,0.8481,16.9617,82,,E,,PROXY_no_pattern,0.28
The Picture of Dorian Gray,Oscar Wilde,EN-C,EN,0.62,0.72,2,0.58,0.32,0.82,0.68,0.85,0.28,0.32,0.6152,0.2464,2.4966,1.0,0.573,0.5881,0.8412,16.8246,85,,E,,PROXY_no_pattern,0.32
Invisible Man,Ralph Ellison,EN-B,EN,0.62,0.72,3,0.58,0.4,0.82,0.62,0.85,0.35,0.4,0.6152,0.308,1.9973,1.2,0.621,0.5587,0.8317,16.6331,88,,E,,PROXY_no_pattern,0.4
The Heart Is a Lonely Hunter,Carson McCullers,EN-B,EN,0.68,0.72,2,0.5,0.35,0.82,0.58,0.82,0.28,0.35,0.632,0.2642,2.3918,1.0,0.5948,0.5597,0.7963,15.9266,86,,E,,PROXY_no_pattern,0.35
The Power and the Glory,Graham Greene,EN-C,EN,0.6,0.72,2,0.5,0.3,0.78,0.65,0.78,0.28,0.32,0.5914,0.2405,2.459,1.0,0.5656,0.5508,0.7661,15.3226,82,,E,,PROXY_no_pattern,0.3
Red Storm Rising,Tom Clancy,EN-A,EN,0.55,0.72,3,0.65,0.35,0.55,0.72,0.68,0.32,0.38,0.5915,0.3004,1.9692,1.2,0.596,0.5434,0.7654,15.307,50,6,P,,PROXY_no_pattern,0.35
Middlemarch,George Eliot,EN-C,EN,0.6,0.72,3,0.48,0.42,0.82,0.68,0.8,0.35,0.48,0.588,0.3289,1.7878,1.2,0.614,0.5695,0.7502,15.0036,86,,E,,PROXY_no_pattern,0.42
The Member of the Wedding,Carson McCullers,EN-B,EN,0.65,0.68,2,0.45,0.32,0.8,0.55,0.78,0.25,0.32,0.5932,0.242,2.4512,1.0,0.5722,0.5235,0.7343,14.6858,84,,E,,PROXY_no_pattern,0.32
A Good Man Is Hard to Find,Flannery O'Connor,EN-B,EN,0.55,0.72,2,0.72,0.35,0.82,0.68,0.82,0.25,0.3,0.6034,0.2507,2.4064,1.0,0.5471,0.5513,0.7258,14.5168,88,,E,,PROXY_no_pattern,0.35
An American Tragedy,Theodore Dreiser,EN-B,EN,0.62,0.68,3,0.55,0.42,0.72,0.65,0.78,0.35,0.48,0.5951,0.3394,1.7535,1.2,0.6097,0.5597,0.7181,14.3612,78,,E,,PROXY_no_pattern,0.42
Frankenstein,Mary Shelley,EN-C,EN,0.62,0.72,2,0.58,0.38,0.72,0.68,0.9,0.3,0.38,0.6152,0.2956,2.0811,1.0,0.573,0.5977,0.7127,14.2545,75,,E,,PROXY_no_pattern,0.38
Lady Chatterley's Lover,D.H. Lawrence,EN-B,EN,0.65,0.72,2,0.5,0.38,0.78,0.58,0.78,0.28,0.38,0.6168,0.2859,2.1574,1.0,0.5839,0.5384,0.6783,13.5662,82,,E,,PROXY_no_pattern,0.38
Libra,Don DeLillo,EN-B,EN,0.55,0.72,3,0.58,0.4,0.78,0.62,0.82,0.38,0.42,0.5796,0.321,1.8056,1.2,0.596,0.5215,0.6735,13.4696,84,,E,,PROXY_no_pattern,0.4
The Human Stain,Philip Roth,EN-B,EN,0.58,0.68,3,0.55,0.42,0.8,0.62,0.82,0.38,0.42,0.5751,0.328,1.7532,1.2,0.5953,0.5349,0.67,13.4001,86,,E,,PROXY_no_pattern,0.42
Tender Is the Night,F. Scott Fitzgerald,EN-C,EN,0.58,0.72,2,0.48,0.3,0.85,0.55,0.78,0.28,0.35,0.5778,0.2398,2.4102,1.0,0.5582,0.492,0.662,13.2392,87,,E,W<0.50,PROXY_no_pattern,0.3
Portnoy's Complaint,Philip Roth,EN-B,EN,0.65,0.68,2,0.62,0.38,0.78,0.58,0.82,0.32,0.38,0.6221,0.2939,2.1167,1.0,0.5722,0.5464,0.6618,13.2359,84,,E,,PROXY_no_pattern,0.38
Henderson the Rain King,Saul Bellow,EN-B,EN,0.58,0.72,3,0.55,0.42,0.78,0.55,0.8,0.38,0.42,0.5897,0.3301,1.7865,1.2,0.6068,0.496,0.6453,12.9055,84,,E,W<0.50,PROXY_no_pattern,0.42
Sula,Toni Morrison,EN-B,EN,0.62,0.7,2,0.52,0.38,0.85,0.58,0.78,0.3,0.38,0.5975,0.2833,2.1094,1.0,0.5671,0.525,0.628,12.5601,88,,E,,PROXY_no_pattern,0.38
Ethan Frome,Edith Wharton,EN-B,EN,0.6,0.68,2,0.5,0.38,0.78,0.65,0.75,0.28,0.35,0.5766,0.2814,2.049,1.0,0.5538,0.5449,0.6183,12.3659,82,,E,,PROXY_no_pattern,0.38
Adventures of Augie March,Saul Bellow,EN-B,EN,0.6,0.68,3,0.48,0.42,0.8,0.52,0.78,0.38,0.42,0.5732,0.328,1.7476,1.2,0.6025,0.486,0.6141,12.2817,85,,E,W<0.50,PROXY_no_pattern,0.42
The House of Mirth,Edith Wharton,EN-B,EN,0.62,0.68,2,0.52,0.42,0.8,0.68,0.8,0.35,0.42,0.59,0.322,1.8324,1.0,0.5612,0.5783,0.5947,11.8948,84,,E,,PROXY_no_pattern,0.42
A Passage to India,E.M. Forster,EN-C,EN,0.58,0.72,2,0.5,0.35,0.78,0.58,0.75,0.3,0.38,0.5812,0.2762,2.104,1.0,0.5582,0.501,0.5884,11.7689,82,,E,,PROXY_no_pattern,0.35
Independence Day,Richard Ford,EN-C,EN,0.6,0.68,2,0.42,0.32,0.78,0.55,0.72,0.3,0.38,0.563,0.2626,2.1439,1.0,0.5538,0.489,0.5806,11.6118,82,,E,W<0.50,PROXY_no_pattern,0.32
Rabbit Redux,John Updike,EN-C,EN,0.6,0.65,2,0.48,0.32,0.78,0.55,0.75,0.3,0.38,0.5621,0.2626,2.1405,1.0,0.5449,0.495,0.5773,11.5466,82,,E,W<0.50,PROXY_no_pattern,0.32
Light in August,William Faulkner,EN-B,EN,0.55,0.7,3,0.52,0.52,0.85,0.58,0.8,0.38,0.5,0.5622,0.3785,1.4852,1.2,0.5903,0.4975,0.5234,10.4671,90,,E,W<0.50,PROXY_no_pattern,0.52
Lolita,Vladimir Nabokov,EN-B,EN,0.55,0.78,2,0.62,0.9027,0.92,0.58,0.9,0.38,0.42,0.6082,0.5181,1.1737,1.0,0.5649,0.5175,0.3431,6.8622,94,,E,,NLP_v2,0.48
Tree of Smoke,Denis Johnson,EN-B,EN,0.52,0.72,3,0.55,0.42,0.78,0.52,0.75,0.38,0.45,0.5593,0.3346,1.6714,1.2,0.5852,0.4442,0.5214,10.4276,84,,E,GOULOT-I|W<0.50,PROXY_no_pattern,0.42
At the Mountains of Madness,H.P. Lovecraft,EN-C,EN,0.52,0.78,2,0.65,0.38,0.72,0.55,0.78,0.3,0.38,0.5977,0.2956,2.0221,1.0,0.5538,0.4651,0.5208,10.4157,70,,E,GOULOT-I|W<0.50,PROXY_no_pattern,0.38
The Sportswriter,Richard Ford,EN-C,EN,0.58,0.65,2,0.4,0.32,0.78,0.52,0.72,0.3,0.38,0.5386,0.2626,2.0508,1.0,0.5374,0.4651,0.5126,10.2515,82,,E,W<0.50,PROXY_no_pattern,0.32
Howards End,E.M. Forster,EN-C,EN,0.55,0.68,2,0.45,0.35,0.78,0.58,0.72,0.3,0.38,0.543,0.2762,1.9656,1.0,0.5352,0.4815,0.5065,10.1307,82,,E,W<0.50,PROXY_no_pattern,0.35
The Turn of the Screw,Henry James,EN-B,EN,0.58,0.72,2,0.62,0.45,0.82,0.55,0.8,0.35,0.42,0.6016,0.3333,1.8054,1.0,0.5582,0.496,0.4999,9.9976,87,,E,W<0.50,PROXY_no_pattern,0.45
Sons and Lovers,D.H. Lawrence,EN-B,EN,0.6,0.68,2,0.45,0.42,0.8,0.55,0.72,0.32,0.42,0.5681,0.316,1.7978,1.0,0.5538,0.489,0.4868,9.737,84,,E,W<0.50,PROXY_no_pattern,0.42
Babbitt,Sinclair Lewis,EN-B,EN,0.55,0.65,2,0.48,0.38,0.72,0.55,0.78,0.32,0.4,0.5372,0.3026,1.7754,1.0,0.5262,0.4785,0.447,8.9409,78,,E,W<0.50,PROXY_no_pattern,0.38
The Scarlet Letter,Nathaniel Hawthorne,EN-B,EN,0.55,0.68,2,0.48,0.48,0.82,0.62,0.82,0.38,0.48,0.5481,0.3616,1.5158,1.0,0.5352,0.5215,0.423,8.4609,85,,E,,PROXY_no_pattern,0.48
White Noise,Don DeLillo,EN-B,EN,0.55,0.65,2,0.55,0.2359,0.78,0.55,0.78,0.38,0.4,0.5491,0.2433,2.2567,1.0,0.5262,0.4785,0.5682,11.3649,85,,E,W<0.50,NLP_v2,0.42
Sister Carrie,Theodore Dreiser,EN-B,EN,0.58,0.65,2,0.48,0.42,0.7,0.55,0.72,0.35,0.45,0.5522,0.337,1.6384,1.0,0.5374,0.48,0.4227,8.4534,76,,E,W<0.50,PROXY_no_pattern,0.42
Jazz,Toni Morrison,EN-B,EN,0.55,0.68,2,0.5,0.45,0.9,0.52,0.75,0.35,0.42,0.5515,0.3243,1.7008,1.0,0.5352,0.4576,0.4165,8.3309,91,,E,W<0.50,PROXY_no_pattern,0.45
Main Street,Sinclair Lewis,EN-B,EN,0.55,0.65,2,0.45,0.38,0.72,0.52,0.72,0.32,0.42,0.5321,0.3056,1.7412,1.0,0.5262,0.4517,0.4138,8.2769,78,,E,W<0.50,PROXY_no_pattern,0.38
Heart of Darkness,Joseph Conrad,EN-B,EN,0.52,0.75,2,0.55,0.48,0.85,0.55,0.82,0.38,0.48,0.57,0.358,1.5922,1.0,0.5449,0.473,0.4104,8.2074,90,,E,GOULOT-I|W<0.50,PROXY_no_pattern,0.48
Underworld,Don DeLillo,EN-B,EN,0.48,0.68,3,0.5,0.2307,0.82,0.52,0.8,0.45,0.52,0.5164,0.2707,1.9078,1.2,0.5587,0.4363,0.5581,11.1627,88,,E,GOULOT-I|W<0.50,NLP_v2,0.48
Franny and Zooey,J.D. Salinger,EN-C,EN,0.68,0.68,1,0.45,0.22,0.78,0.48,0.78,0.2,0.25,0.6083,0.1776,3.4249,0.5,0.4591,0.502,0.3947,7.8931,80,,E,R<0.50|GOULOT-ARC,PROXY_no_pattern,0.22
Orlando,Virginia Woolf,EN-B,EN,0.52,0.7,2,0.48,0.45,0.88,0.55,0.78,0.38,0.48,0.5402,0.3415,1.5818,1.0,0.53,0.4651,0.3899,7.7973,88,,E,GOULOT-I|W<0.50,PROXY_no_pattern,0.45
Lord Jim,Joseph Conrad,EN-B,EN,0.55,0.7,2,0.48,0.48,0.82,0.52,0.78,0.38,0.48,0.5554,0.3616,1.5358,1.0,0.5412,0.4636,0.3853,7.7055,88,,E,W<0.50,PROXY_no_pattern,0.48
As I Lay Dying,William Faulkner,EN-B,EN,0.52,0.68,2,0.55,0.1903,0.85,0.55,0.82,0.35,0.48,0.5449,0.2253,2.4192,1.0,0.524,0.473,0.5996,11.9923,90,,E,GOULOT-I|W<0.50,NLP_v2,0.5
Herzog,Saul Bellow,EN-B,EN,0.55,0.62,2,0.45,0.45,0.8,0.52,0.78,0.4,0.45,0.5213,0.35,1.4893,1.0,0.5172,0.4636,0.3571,7.1419,85,,E,W<0.50,PROXY_no_pattern,0.45
The Portrait of a Lady,Henry James,EN-B,EN,0.55,0.65,2,0.42,0.52,0.85,0.58,0.78,0.42,0.55,0.527,0.394,1.3376,1.0,0.5262,0.4935,0.3474,6.9474,90,,E,W<0.50,PROXY_no_pattern,0.52
Of Time and the River,Thomas Wolfe,EN-B,EN,0.55,0.72,2,0.42,0.48,0.8,0.45,0.72,0.38,0.52,0.5524,0.37,1.493,1.0,0.5471,0.4173,0.3408,6.8167,82,,E,W<0.50,PROXY_no_pattern,0.48
Suttree,Cormac McCarthy,EN-B,EN,0.52,0.75,2,0.48,0.319,0.88,0.45,0.8,0.38,0.52,0.5581,0.2912,1.9167,1.0,0.5449,0.4197,0.4383,8.7667,89,,E,GOULOT-I|W<0.50,NLP_v2,0.55
Bend Sinister,Vladimir Nabokov,EN-B,EN,0.48,0.65,2,0.55,0.52,0.88,0.48,0.78,0.42,0.45,0.5143,0.3751,1.3711,1.0,0.5,0.4129,0.2831,5.6612,90,,E,GOULOT-I|W<0.50,PROXY_no_pattern,0.52
Fall of the House of Usher,Edgar Allan Poe,EN-C,EN,0.55,0.78,1,0.68,0.35,0.78,0.58,0.82,0.28,0.32,0.6184,0.2632,2.3489,0.5,0.4405,0.5015,0.2595,5.1894,80,,E,R<0.50|GOULOT-ARC,PROXY_no_pattern,0.35
2666,Roberto Bolaño,EN-B,EN,0.42,0.68,4,0.55,0.52,0.82,0.35,0.8,0.48,0.55,0.4947,0.4099,1.207,1.2,0.5364,0.3309,0.2571,5.1423,90,,E,GOULOT-I|GOULOT-O|W<0.50,PROXY_no_pattern,0.52
Pale Fire,Vladimir Nabokov,EN-B,EN,0.42,0.65,2,0.68,0.3207,0.9,0.52,0.88,0.48,0.48,0.5066,0.3043,1.6647,1.0,0.4775,0.4256,0.3383,6.7655,95,,E,GOULOT-I|R<0.50|W<0.50,NLP_v2,0.55
Wings of the Dove,Henry James,EN-B,EN,0.5,0.62,2,0.4,0.55,0.85,0.52,0.75,0.45,0.58,0.4881,0.4176,1.1688,1.0,0.4985,0.4354,0.2537,5.0731,91,,E,GOULOT-I|R<0.50|W<0.50,PROXY_no_pattern,0.55
Titus Groan,Mervyn Peake,EN-B,EN,0.42,0.72,2,0.5,0.52,0.85,0.42,0.8,0.38,0.52,0.5,0.3815,1.3105,1.0,0.4985,0.3626,0.2369,4.738,88,,E,GOULOT-I|GOULOT-O|R<0.50|W<0.50,PROXY_no_pattern,0.52
My Ántonia,Willa Cather,EN-B,EN,0.6,0.72,1,0.38,0.35,0.82,0.55,0.72,0.28,0.35,0.571,0.2642,2.1608,0.5,0.4413,0.489,0.2331,4.6627,84,,E,R<0.50|W<0.50|GOULOT-ARC,PROXY_no_pattern,0.35
The Crying of Lot 49,Thomas Pynchon,EN-B,EN,0.45,0.62,2,0.62,0.52,0.78,0.42,0.78,0.48,0.42,0.5009,0.3956,1.2661,1.0,0.4798,0.3715,0.2256,4.5124,86,,E,GOULOT-I|GOULOT-O|R<0.50|W<0.50,PROXY_no_pattern,0.52
The Sound and the Fury,William Faulkner,EN-B,EN,0.42,0.62,2,0.5,0.1756,0.88,0.48,0.85,0.42,0.58,0.4657,0.2465,1.889,1.0,0.4685,0.4004,0.3543,7.0869,92,,E,GOULOT-I|R<0.50|W<0.50,NLP_v2,0.62
Mason & Dixon,Thomas Pynchon,EN-B,EN,0.38,0.62,3,0.55,0.68,0.82,0.4,0.82,0.6,0.62,0.4544,0.5156,0.8814,1.2,0.5035,0.3407,0.1815,3.6291,92,,E,GOULOT-I|GOULOT-O|GOULOT-FL|W<0.50,PROXY_no_pattern,0.68
Infinite Jest,David Foster Wallace,EN-B,EN,0.42,0.55,4,0.65,0.2937,0.82,0.35,0.85,0.62,0.65,0.4672,0.3522,1.3264,1.2,0.4975,0.3398,0.2691,5.3821,92,,E,GOULOT-I|GOULOT-O|GOULOT-FL|R<0.50|W<0.50,NLP_v2,0.68
Housekeeping,Marilynne Robinson,EN-B,EN,0.55,0.72,1,0.38,0.42,0.88,0.48,0.75,0.32,0.4,0.5456,0.3046,1.7912,0.5,0.4229,0.4378,0.1658,3.3163,90,,E,R<0.50|W<0.50|GOULOT-ARC,PROXY_no_pattern,0.42
V.,Thomas Pynchon,EN-B,EN,0.35,0.58,3,0.55,0.62,0.8,0.38,0.8,0.55,0.58,0.4264,0.476,0.8957,1.2,0.4803,0.3165,0.1634,3.2673,90,,E,GOULOT-I|GOULOT-O|R<0.50|W<0.50,PROXY_no_pattern,0.62
Lila,Marilynne Robinson,EN-B,EN,0.55,0.68,1,0.35,0.4,0.85,0.48,0.72,0.3,0.38,0.526,0.292,1.8014,0.5,0.4112,0.4319,0.16,3.1994,88,,E,R<0.50|W<0.50|GOULOT-ARC,PROXY_no_pattern,0.4
"Absalom, Absalom!",William Faulkner,EN-B,EN,0.38,0.6,2,0.45,0.65,0.9,0.45,0.82,0.45,0.65,0.4307,0.4637,0.9287,1.0,0.4477,0.3635,0.1512,3.0232,93,,E,GOULOT-I|R<0.50|W<0.50,PROXY_no_pattern,0.65
Mrs Dalloway,Virginia Woolf,EN-B,EN,0.5,0.72,1,0.4,0.2437,0.92,0.52,0.7,0.4,0.55,0.5236,0.2649,1.9769,0.5,0.4047,0.4256,0.1702,3.4046,89,,E,GOULOT-I|R<0.50|W<0.50|GOULOT-ARC,NLP_v2,0.48
Gravity's Rainbow,Thomas Pynchon,EN-B,EN,0.3,0.55,4,0.62,0.2902,0.85,0.35,0.85,0.65,0.7,0.4042,0.362,1.1166,1.2,0.4526,0.2932,0.1778,3.5561,94,,E,GOULOT-I|GOULOT-O|GOULOT-FL|R<0.50|W<0.50,NLP_v2,0.72
To the Lighthouse,Virginia Woolf,EN-B,EN,0.48,0.7,1,0.38,0.2137,0.92,0.48,0.68,0.42,0.58,0.503,0.2608,1.929,0.5,0.3917,0.3936,0.1487,2.9747,91,,E,GOULOT-I|R<0.50|W<0.50|GOULOT-ARC,NLP_v2,0.5
End Zone,Don DeLillo,EN-B,EN,0.48,0.6,1,0.45,0.42,0.75,0.42,0.72,0.35,0.4,0.4797,0.3242,1.4794,0.5,0.3635,0.3729,0.1003,2.0053,80,,E,GOULOT-I|GOULOT-O|R<0.50|W<0.50|GOULOT-ARC,PROXY_no_pattern,0.42
The Rings of Saturn,W.G. Sebald,EN-B,EN,0.42,0.72,1,0.38,0.48,0.88,0.35,0.75,0.5,0.48,0.4796,0.3784,1.2673,0.5,0.3761,0.3221,0.0768,1.5355,92,,E,GOULOT-I|GOULOT-O|R<0.50|W<0.50|GOULOT-ARC,PROXY_no_pattern,0.48
Blood Meridian,Cormac McCarthy,EN-B,EN,0.35,0.75,1,0.55,0.297,0.9,0.4,0.88,0.45,0.55,0.4829,0.2987,1.6165,0.5,0.3601,0.3394,0.0988,1.9755,90,,E,GOULOT-I|GOULOT-O|R<0.50|W<0.50|GOULOT-ARC,NLP_v2,0.6
Vertigo,W.G. Sebald,EN-B,EN,0.4,0.68,1,0.4,0.48,0.85,0.35,0.72,0.48,0.45,0.4592,0.3735,1.2295,0.5,0.358,0.3092,0.068,1.3608,90,,E,GOULOT-I|GOULOT-O|R<0.50|W<0.50|GOULOT-ARC,PROXY_no_pattern,0.48
The Waves,Virginia Woolf,EN-B,EN,0.35,0.65,1,0.35,0.2835,0.95,0.35,0.72,0.48,0.62,0.4156,0.3059,1.3585,0.5,0.3329,0.2903,0.0656,1.3129,93,,E,GOULOT-I|GOULOT-O|R<0.50|W<0.50|GOULOT-ARC,NLP_v2,0.58
Naked Lunch,William S. Burroughs,EN-B,EN,0.28,0.48,1,0.58,0.7,0.72,0.2,0.78,0.52,0.55,0.3652,0.5155,0.7084,0.5,0.2682,0.2189,0.0208,0.4158,82,,E,GOULOT-I|GOULOT-O|GOULOT-FL|R<0.50|W<0.50|GOULOT-ARC,PROXY_no_pattern,0.7
