"Package","File","Line","Code"
"canon-kernel","packages\canon-kernel\src\index.ts","10","export * from './types';"
"canon-kernel","packages\canon-kernel\src\index.ts","13","export * from './id';"
"canon-kernel","packages\canon-kernel\src\index.ts","16","export * from './hash';"
"canon-kernel","packages\canon-kernel\src\index.ts","19","export * from './schema';"
"canon-kernel","packages\canon-kernel\src\hash\chain.ts","17","import { hashTx } from './hashable-view';"
"canon-kernel","packages\canon-kernel\src\hash\chain.ts","18","import { sha256 } from './sha256';"
"canon-kernel","packages\canon-kernel\src\hash\chain.ts","19","import { canonicalize } from './canonicalize';"
"canon-kernel","packages\canon-kernel\src\hash\hashable-view.ts","12","import { canonicalize } from './canonicalize';"
"canon-kernel","packages\canon-kernel\src\hash\hashable-view.ts","13","import { sha256 } from './sha256';"
"canon-kernel","packages\canon-kernel\src\types\conflicts.ts","6","import type { EntityId, OpId, TxId, RootHash } from './identifiers';"
"canon-kernel","packages\canon-kernel\src\types\conflicts.ts","7","import type { FieldPath, CanonOp } from './operations';"
"canon-kernel","packages\canon-kernel\src\types\conflicts.ts","8","import type { EvidenceRef } from './evidence';"
"canon-kernel","packages\canon-kernel\src\types\invariants.ts","6","import type { EntityId, SchemaId } from './identifiers';"
"canon-kernel","packages\canon-kernel\src\types\invariants.ts","7","import type { FieldPath } from './operations';"
"canon-kernel","packages\canon-kernel\src\types\operations.ts","6","import type { EntityId, OpId, RootHash } from './identifiers';"
"canon-kernel","packages\canon-kernel\src\types\operations.ts","7","import type { EvidenceRef } from './evidence';"
"canon-kernel","packages\canon-kernel\src\types\transactions.ts","6","import type { TxId, RootHash } from './identifiers';"
"canon-kernel","packages\canon-kernel\src\types\transactions.ts","7","import type { CanonOp } from './operations';"
"canon-kernel","packages\canon-kernel\src\types\transactions.ts","8","import type { EvidenceRef } from './evidence';"
"omega-bridge-ta-mycelium","packages\omega-bridge-ta-mycelium\src\bridge\analysis_to_dna.ts","10","import { AnalyzeResult, OmegaEmotion14D, OMEGA_EMOTIONS_14D } from './types';"
"omega-bridge-ta-mycelium","packages\omega-bridge-ta-mycelium\src\bridge\index.ts","3","export { AnalyzeResult, AnalyzeResultSchema, AnalysisMeta, EmotionHit, KeywordCount, OmegaEmotion14D, OMEGA_EMOTIONS_14D, isOmegaEmotion, parseAnalyzeResult, safeParseAnalyzeResult } from './types';"
"omega-bridge-ta-mycelium","packages\omega-bridge-ta-mycelium\src\bridge\index.ts","4","export { EmotionVector14D, MyceliumBridgeData, ZERO_VECTOR_14D, buildBridgeData, areBridgeDataEqual, vectorToArray, vectorMagnitude, findDominantFromVector, clamp, deterministicHash } from './text_analyzer_bridge';"
"omega-bridge-ta-mycelium","packages\omega-bridge-ta-mycelium\src\bridge\index.ts","5","export { TextSegment, AnalysisToDNAOptions, DNABuildInput, vectorToIntensityRecord, analyzeResultToSegments, prepareDNABuild, validateDNAInputs } from './analysis_to_dna';"
"omega-segment-engine","packages\omega-segment-engine\src\stream\index.ts","122","import { DEP } from './dep';"
"omega-segment-engine","packages\omega-segment-engine\src\stream\index.ts","123","import { Protocol } from './protocol';"
"omega-segment-engine","packages\omega-segment-engine\src\stream\index.ts","124","import { Gateway } from './gateway';"
"omega-segment-engine","packages\omega-segment-engine\src\stream\index.ts","131","* import { NEXUS } from './nexus';"
"oracle","packages\oracle\src\cache.ts","7","import type { OracleResponse } from './types';"
"oracle","packages\oracle\src\context.ts","7","import type { OracleResponse, EmotionalInsight } from './types';"
"oracle","packages\oracle\src\index.ts","19","export { Oracle, createOracle } from './oracle';"
"oracle","packages\oracle\src\streaming.ts","7","import type { OracleResponse, EmotionalInsight, NarrativeAnalysis } from './types';"
"search","packages\search\src\export.ts","7","import type { SearchResult, SearchResponse, SearchDocument } from './types';"
"search","packages\search\src\filters.ts","7","import type { IndexedDocument } from './types';"
"search","packages\search\src\import.ts","7","import type { SearchDocument } from './types';"
"search","packages\search\src\index-manager.ts","7","import type { IndexedDocument, SearchDocument, IndexStats } from './types';"
"search","packages\search\src\index.ts","22","export { SearchEngine, createSearchEngine } from './engine';"
"search","packages\search\src\search.ts","7","import { SearchEngine, createSearchEngine, type SearchConfig } from './engine';"
"search","packages\search\src\search.ts","8","import { FilterProcessor, FacetProcessor, AggregationProcessor } from './filters';"
"search","packages\search\src\search.ts","9","import { SearchSuggester, type SuggesterConfig } from './suggest';"
"search","packages\search\src\search.ts","10","import { IndexManager, type IndexManagerConfig } from './index-manager';"
"search","packages\search\src\search.ts","11","import { SearchExporter, type ExportOptions, type ExportFormat } from './export';"
"search","packages\search\src\search.ts","12","import { SearchImporter, type ImportOptions, type ImportFormat } from './import';"
"search","packages\search\src\search.ts","13","import { QueryParser, type QueryParserOptions, type ParseResult } from './query-parser';"
"search","packages\search\src\search.ts","14","import { SearchAnalytics, type AnalyticsConfig } from './analytics';"
