{
  "$schema": "https://schema.tauri.app/config/2",
  "productName": "OMEGA UI",
  "version": "0.1.0",
  "identifier": "com.omega.ui",
  "build": {
    "beforeDevCommand": "npm run dev",
    "devUrl": "http://localhost:1420",
    "beforeBuildCommand": "npm run build",
    "frontendDist": "../dist"
  },
  "app": {
    "withGlobalTauri": true,
    "windows": [
      {
        "title": "OMEGA UI Bootstrap",
        "width": 900,
        "height": 700,
        "minWidth": 600,
        "minHeight": 500,
        "resizable": true,
        "center": true
      }
    ],
    "security": {
      "csp": null
    }
  },
  "plugins": {
    "dialog": {},
    "shell": {
      "open": true
    },
    "fs": {
      "scope": ["$APPDATA", "$APPDATA/**", "$HOME/**", "**"]
    }
  }
}
