package,files_src,files_test,files_json,files_md,bytes_src,loc_total,loc_code,loc_comment,loc_blank,chars_total,maxLineLen,functions,classes,interfaces,typeAliases,enums,exports,imports,fnLoc_mean,fnLoc_p95,fnLoc_max,cyclo_mean,cyclo_p95,cyclo_max,nesting_max,asAny,asUnknown,anyKeyword,nonNull,tsIgnore,tsExpectError,eslintDisable,fanIn,fanOut,instability,dupLines,testToCodeRatio,git_commits,git_avgAgeDays,git_filesStale90d
sovereign-engine,444,241,1029,140,5094318,151716,107748,24153,19815,6179105,3254,9957,57,674,116,0,1488,2669,13.1,58,822,1.95,6,106,7,126,75,391,353,0,6,3,0,5,1,72606,0.383,2863,72,834
gateway,147,98,42,14,1506380,76856,51882,13473,11501,2405228,549,6057,84,350,163,14,1478,530,16.86,57,517,1.52,4,41,5,89,11,100,310,0,1,1,0,0,0,13452,1.005,440,122,256
src(monolith),163,11,19,3,1337482,44003,27079,11059,5865,1264186,180,1941,32,324,136,2,1546,537,14.16,48,651,2.4,8,127,5,14,6,15,40,0,0,0,0,0,0,4146,0.107,246,122,192
scribe-engine,48,35,3,0,256644,11508,9004,880,1624,396924,325,776,2,61,9,0,210,264,16.01,74,256,1.99,7,33,5,5,1,8,2,0,0,0,4,2,0.333,3102,0.587,116,94,70
integration-nexus-dep,30,15,3,6,219650,13290,8988,2165,2137,415848,142,1161,19,87,21,0,244,86,13.45,52,190,1.32,3,20,5,1,1,5,23,0,0,1,0,0,0,1554,1.437,102,107,40
search,12,12,3,0,153271,10417,7551,1314,1552,306415,256,1060,13,50,10,0,103,47,14.74,43,478,1.59,5,24,4,1,1,1,27,0,0,0,0,1,1,1038,0.959,58,115,23
omega-governance,72,34,13,4,174149,8646,6759,683,1204,311031,225,729,0,64,10,0,277,422,12.35,50,148,1.7,6,21,3,0,1,0,21,0,0,0,0,0,0,528,0.764,129,110,122
decision-engine,32,23,2,2,86096,9586,6737,1419,1430,280274,160,1077,7,33,7,0,138,116,16.71,53,452,1.25,3,13,3,0,5,0,21,0,0,0,0,0,0,2916,2.876,63,115,58
omega-forge,33,32,6,4,140677,8303,6686,655,962,295580,280,586,0,33,9,0,177,205,15.77,62,231,1.59,5,18,6,6,6,6,2,0,0,0,2,5,0.714,1026,1.131,84,109,74
omega-p0,13,13,4,3,193437,8936,5732,1987,1217,318358,267,721,0,30,4,0,69,52,16.59,49,410,1.59,4,29,5,0,0,1,17,0,0,0,1,0,0,504,1.113,34,94,32
emotion-gate,26,11,3,1,114820,7339,5247,891,1201,232500,133,592,11,31,9,0,153,108,16.5,51,343,1.47,4,18,5,27,0,30,3,0,0,0,0,1,1,1152,1.081,52,99,32
creation-pipeline,32,31,7,2,109860,6140,4977,370,793,225802,325,500,0,28,7,0,133,209,13.94,76,159,1.54,2,56,4,2,0,2,6,0,0,0,2,4,0.667,702,0.89,73,110,71
truth-gate,26,10,3,0,93290,6200,4457,834,909,195121,179,529,15,18,9,0,98,103,16.12,52,331,1.57,5,21,5,15,0,16,0,0,0,0,0,1,1,1764,1.176,56,80,24
genesis-planner,29,23,3,0,105896,5125,4180,235,710,192304,325,366,0,27,9,0,121,172,15.46,56,249,1.98,5,58,5,0,4,0,0,0,1,0,6,1,0.143,2244,0.861,62,110,54
style-emergence-engine,23,22,3,0,86700,4408,3669,131,608,168426,454,373,0,24,3,0,104,143,13.26,65,148,1.49,4,17,3,0,2,0,0,0,0,0,3,3,0.5,1230,0.849,49,110,47
omega-release,44,25,3,3,76126,4372,3268,412,692,139486,203,431,0,28,9,0,159,195,10.24,36,79,1.58,5,15,3,0,3,0,6,0,0,0,0,0,0,390,0.935,76,109,74
mycelium-bio,11,2,4,1,143417,5138,3139,1176,823,152260,114,253,0,18,7,0,134,38,15.08,57,102,2.09,8,14,3,4,0,4,3,0,0,1,0,0,0,792,0.338,32,124,16
omega-runner,31,14,3,3,66927,4049,3107,347,595,134843,153,354,0,20,3,0,113,211,12.04,42,146,1.46,4,17,3,0,10,0,10,0,0,0,0,6,1,732,1.041,58,109,50
headless-runner,8,8,3,0,41017,3957,2985,354,618,117428,115,340,3,23,1,0,60,46,22.6,86,508,1.32,2,27,6,4,0,4,15,0,0,0,0,1,1,1374,1.929,28,103,14
sentinel-judge,11,6,2,0,57690,4366,2969,717,680,127652,143,386,1,20,12,0,103,36,12.68,44,195,1.3,2,41,4,1,1,2,0,0,0,0,0,0,0,426,1.706,41,106,17
orchestrator-core,15,12,3,1,61275,4403,2883,899,621,134992,124,366,10,27,5,1,95,58,13.38,40,229,1.37,2,19,4,2,0,2,4,0,0,0,6,0,0,180,1.514,42,118,26
phase-q,13,11,3,0,55285,3380,2608,329,443,108275,182,314,0,22,6,0,82,76,14.13,57,184,1.35,4,9,3,0,0,0,26,0,0,0,0,1,1,318,0.872,28,108,26
hardening,7,7,3,0,59298,3749,2606,595,548,110483,117,404,0,16,1,0,65,23,11.11,41,137,1.44,4,16,3,8,0,14,1,0,0,1,1,1,0.5,414,1.482,25,129,16
omega-metrics,15,9,3,0,62208,3294,2415,375,504,108039,164,242,0,21,0,0,74,64,14.21,44,112,2.06,8,24,4,1,7,1,4,0,0,0,0,1,1,186,0.769,35,82,20
genome,14,5,6,1,63845,3665,2386,694,585,114483,825,261,1,18,5,0,85,39,13.78,50,120,1.57,5,12,3,2,1,2,0,0,0,0,0,1,1,516,1.577,34,142,26
plugin-gateway,8,5,7,0,41786,3069,2336,299,434,103708,188,284,5,26,9,0,53,58,12.35,49,130,1.29,2,13,3,0,7,0,2,0,0,0,0,0,0,570,1.504,22,102,18
performance,8,6,3,0,49579,3220,2245,469,506,79951,108,390,6,15,0,0,61,21,10.05,28,143,1.27,3,6,3,0,0,1,4,0,0,0,1,0,0,294,1.296,24,131,16
omega-segment-engine,12,3,4,1,85442,3499,2069,857,573,106821,131,270,3,13,3,0,74,24,12.81,52,147,1.84,6,18,4,0,0,1,0,0,0,0,0,0,0,342,0.611,33,115,16
contracts-canon,6,4,3,0,49052,2560,1912,307,341,72411,97,200,1,15,5,0,77,13,17.22,49,413,1.57,5,14,2,0,0,0,0,0,0,0,1,0,0,444,0.904,17,118,11
gold-internal,6,4,3,0,34585,2173,1577,276,320,63980,95,222,8,10,2,0,45,22,11.09,32,152,1.26,3,10,3,1,0,2,0,0,0,0,3,5,0.625,498,1.426,20,127,12
mycelium,7,8,4,1,39626,2300,1468,495,337,75234,119,156,0,9,4,0,49,24,22.27,62,189,2.1,4,13,5,0,0,0,1,0,0,0,1,0,0,480,2.002,26,134,19
canon-kernel,20,4,3,0,38065,2012,1432,306,274,55959,123,181,1,18,20,0,124,44,10.43,25,160,1.44,3,16,2,0,0,0,5,0,0,0,12,0,0,54,0.466,45,67,11
proof-pack,6,3,3,0,32844,2032,1401,289,342,59530,91,171,1,11,2,0,44,15,14.81,43,294,1.39,3,23,3,1,0,1,0,0,0,0,2,1,0.333,198,1.256,16,128,11
omega-aggregate-dna,7,1,4,1,54060,1922,1231,401,290,56278,139,92,1,14,2,0,56,15,17.17,53,146,2.2,7,15,5,0,1,0,1,0,0,0,0,0,0,480,0.356,18,123,11
omega-observability,5,1,4,0,36681,1816,1064,451,301,54543,109,167,1,4,5,0,40,6,14.83,47,298,1.46,4,17,3,0,1,0,1,0,0,0,1,0,0,60,1.249,18,107,8
gold-cli,7,3,3,0,29423,1492,1031,235,226,40786,116,134,3,6,0,0,32,20,11.44,35,124,1.4,2,30,3,0,0,0,0,0,0,0,0,2,1,366,0.931,19,107,10
omega-bridge-ta-mycelium,5,2,4,1,21165,1016,692,190,134,33616,219,73,0,5,5,0,32,13,10.71,33,48,1.45,4,10,3,0,0,0,0,0,0,0,0,0,0,12,1.084,19,131,11
gold-master,4,3,3,0,14057,954,679,141,134,26527,106,89,1,7,2,0,19,13,13.07,37,139,1.2,1,11,1,0,0,0,0,0,0,0,0,3,1,90,1.317,14,124,9
plugin-sdk,8,1,4,0,25333,846,671,53,122,34108,306,93,4,16,5,0,47,16,7.68,28,83,1.77,7,11,2,0,0,0,4,0,0,0,0,0,0,378,0.462,13,105,12
gold-suite,5,2,3,0,18372,924,633,159,132,26462,108,68,1,8,2,0,24,12,11.65,32,95,1.19,2,4,1,0,0,0,0,0,0,0,1,2,0.667,42,0.824,14,125,9
signal-registry,6,2,4,0,17290,799,607,97,95,25338,121,43,0,6,3,0,17,17,13.58,44,138,2.12,7,12,3,1,0,1,6,0,0,0,1,1,0.5,78,0.456,17,83,9
trust-version,0,1,0,0,0,454,357,25,72,14946,115,57,0,0,0,0,0,1,13.07,53,75,1.04,1,2,1,0,0,0,2,0,0,0,0,0,0,72,0,1,122,1
sbom,0,1,0,0,0,394,293,21,80,13215,92,36,0,0,0,0,0,4,18.89,67,102,1.06,1,2,1,0,0,1,0,0,0,0,0,0,0,66,0,1,122,1
schemas,0,1,3,0,0,318,277,3,38,9558,87,43,0,0,0,0,0,2,12.6,52,86,1.05,1,2,1,0,0,0,0,0,1,0,0,0,0,12,0,4,122,4
hostile,0,1,0,0,0,375,263,43,69,11675,104,47,0,0,0,0,0,5,12.32,34,82,1.32,3,4,2,2,0,4,0,0,0,0,0,0,0,12,0,1,122,1
