author,lang,category,passage,words,composite,ecc,rci,sii,ifi,aai,min_axis
Flaubert,fr,realisme,0,1454,82.19,77.9,85.38,89.33,86.19,79.8,77.9
Flaubert,fr,realisme,1,1448,87.98,90.48,82.25,85.33,79.39,93.6,79.39
Flaubert,fr,realisme,2,1630,82.43,73.11,83.36,83.33,83.3,93.2,73.11
Flaubert,fr,realisme,3,1442,82.54,72.18,85.24,88.2,76.04,93.6,72.18
Flaubert,fr,realisme,4,1404,83.44,86.95,78.5,89,74.54,82.4,74.54
Flaubert,fr,realisme,0,1454,82.92,82.03,80.54,84,84.59,84.4,80.54
Flaubert,fr,realisme,1,1426,80.39,74.61,86.08,87.33,70.39,84,70.39
Flaubert,fr,realisme,2,1496,79.77,77.4,80.44,84,73.55,82.4,73.55
Flaubert,fr,realisme,3,1442,81.03,78.1,80.16,88.33,75.85,83.2,75.85
Flaubert,fr,realisme,4,1440,78.12,71.57,78.67,84.67,63.26,88.4,63.26
Flaubert,fr,epique,0,1427,74.67,56.34,88.74,84.2,49.6,93.6,49.6
Flaubert,fr,epique,1,1460,74.72,59.57,88.75,80.67,40.76,95.2,40.76
Flaubert,fr,epique,2,1513,81.03,76.15,88.46,85.13,41.94,95.6,41.94
Flaubert,fr,epique,3,1413,76.86,66.87,85.48,80,51.66,92.4,51.66
Flaubert,fr,epique,4,1405,74.42,57.85,85.3,83.67,44.78,95.2,44.78
Hugo,fr,social,0,1405,80.21,70.03,79.62,92.33,64.16,93.2,64.16
Hugo,fr,social,1,1543,76.48,71.07,82.73,70,56.57,91.2,56.57
Hugo,fr,social,2,1407,74.29,60.03,85.49,86.33,73.51,78.6,60.03
Hugo,fr,social,3,1451,82.21,81.83,84.16,88,51.99,90,51.99
Hugo,fr,social,4,1415,84.2,82.08,84.64,85.67,73.77,90,73.77
Hugo,fr,epique,0,1456,61.75,38.4,70.19,82.67,45.5,80.8,38.4
Hugo,fr,epique,1,1694,76.54,65.1,84.03,84.67,45.71,94,45.71
Hugo,fr,epique,2,1868,72.19,63.91,82.79,84.2,39.94,81.6,39.94
Hugo,fr,epique,3,1777,72.41,51.53,88.05,84.13,43.13,94,43.13
Hugo,fr,epique,4,1539,75.2,64.7,84.27,81.33,41.2,92.8,41.2
Maupassant,fr,realisme,0,1580,78.85,67,83.26,86.67,57.86,95.2,57.86
Maupassant,fr,realisme,1,1493,81.91,85.1,75.49,86.33,45.41,94,45.41
Maupassant,fr,realisme,2,1679,80.65,71.76,84.11,90,57.67,93.6,57.67
Maupassant,fr,realisme,3,1400,76.69,71.38,73.85,87.87,39.95,93.6,39.95
Maupassant,fr,realisme,4,1416,80.25,78.53,82.77,87.33,37.6,93.6,37.6
Maupassant,fr,realisme,0,1421,78.4,70.29,83.77,82,55.63,92.4,55.63
Maupassant,fr,realisme,1,1418,80.62,77.79,83.15,87,46.65,92.4,46.65
Maupassant,fr,realisme,2,1468,81.86,84.09,81.62,85.67,46.81,90.8,46.81
Maupassant,fr,realisme,3,1448,76.33,60.45,89.75,88.33,47.72,92.4,47.72
Maupassant,fr,realisme,4,1452,82.63,83.38,82.61,89.13,43.06,93.6,43.06
Proust,fr,psychologique,0,2066,90.51,90.62,81.95,86.67,96.7,96,81.95
Proust,fr,psychologique,1,1507,80.42,81.55,88.29,85.13,55.24,80.8,55.24
Proust,fr,psychologique,2,1513,84.98,91.78,87.16,91.67,50.28,84.4,50.28
Proust,fr,psychologique,3,1626,81.61,75.65,85.1,85.67,56.28,94.8,56.28
Proust,fr,psychologique,4,1607,82.62,83.37,85.9,90.47,64.32,82,64.32
Proust,fr,psychologique,0,1452,78.94,70.26,84.71,88.67,49.58,92.4,49.58
Proust,fr,psychologique,1,1403,74.66,56.19,88.74,86,54.3,90.8,54.3
Proust,fr,psychologique,2,1408,75.81,63.06,84.99,88,42.54,92.4,42.54
Proust,fr,psychologique,3,1438,80.04,72.99,85.62,84.33,53.54,93.6,53.54
Proust,fr,psychologique,4,1423,76.73,66.64,83.59,83.87,44.54,94,44.54
Zola,fr,naturalisme,0,1400,79.91,72.43,90.28,89.87,41.84,92,41.84
Zola,fr,naturalisme,1,1774,78.9,70.82,87.36,88.33,46.25,91.2,46.25
Zola,fr,naturalisme,2,1503,76.21,62.48,88.66,88.33,44.75,91.2,44.75
Zola,fr,naturalisme,3,1806,72.57,54.06,87.64,88,35.27,92.4,35.27
Zola,fr,naturalisme,4,1620,73.84,58.81,85.58,85.13,47.19,89.6,47.19
Zola,fr,naturalisme,0,1401,85.4,86.15,91.39,89.13,49.67,92.4,49.67
Zola,fr,naturalisme,1,1404,81.98,82.17,87.08,85.33,44.59,91.2,44.59
Zola,fr,naturalisme,2,1431,81.64,75.74,90.14,89.8,47.52,92.4,47.52
Zola,fr,naturalisme,3,1434,78.65,68.12,89.84,87.67,42.53,94,42.53
Zola,fr,naturalisme,4,1411,76.42,60.05,90.36,88,49.42,92.4,49.42
Stendhal,fr,romanesque,0,1416,67.67,38.49,84.05,83.33,49.77,92.8,38.49
Stendhal,fr,romanesque,1,1440,64.18,29.27,83.89,82.67,46.61,92.8,29.27
Stendhal,fr,romanesque,2,1448,66.75,37.72,82.73,81,48.85,92.8,37.72
Stendhal,fr,romanesque,3,1423,59.89,27.93,86.71,70.67,45.3,83.2,27.93
Stendhal,fr,romanesque,4,1415,61.97,26.45,74.75,79.33,54.38,92.8,26.45
Balzac,fr,romanesque,0,1473,74.67,58.74,86.02,89.33,41.63,92.4,41.63
Balzac,fr,romanesque,1,1851,75.93,62.75,86.65,83.33,52.92,90.8,52.92
Balzac,fr,romanesque,2,1415,76.98,67.71,76.92,86.53,47.78,95.2,47.78
Balzac,fr,romanesque,3,1400,77.75,62.53,85.83,90,52.18,95.2,52.18
Balzac,fr,romanesque,4,1439,79.24,79.44,81.31,86.33,31.52,92.4,31.52
Balzac,fr,realisme,0,1439,74.66,58.06,84.58,86.67,49.23,92.8,49.23
Balzac,fr,realisme,1,1478,80.22,75.01,82.66,84.33,52.62,94,52.62
Balzac,fr,realisme,2,1405,78.04,64.49,81.17,85.73,63.05,95.2,63.05
Balzac,fr,realisme,3,1535,74.23,57.25,85.65,85.67,44.27,94,44.27
Balzac,fr,realisme,4,1405,83.87,79.17,85.41,89.33,62.27,94.4,62.27
Dickens,en,historique,0,1426,86.17,84.34,89.09,89.33,59.93,95.2,59.93
Dickens,en,historique,1,1403,79.07,72.94,82.5,82.67,46.74,95.6,46.74
Dickens,en,historique,2,1420,84.15,82.74,88.1,86.73,54.59,93.6,54.59
Dickens,en,historique,3,1405,79.72,72.62,84.55,86.67,44.85,95.6,44.85
Dickens,en,historique,4,1578,79.13,70.82,83.01,86.67,47.45,95.6,47.45
Dickens,en,social,0,1638,79.43,71.28,81.41,90,47.63,95.2,47.63
Dickens,en,social,1,1407,81.47,76.9,87.47,86.13,49.01,93.6,49.01
Dickens,en,social,2,1466,85.82,87.35,87.9,88,49.56,95.6,49.56
Dickens,en,social,3,1405,85.26,90.98,87.14,84.33,43.78,93.6,43.78
Dickens,en,social,4,1462,81.1,73.96,85.34,89.67,49.39,95.2,49.39
Bronte,en,romantique,0,1405,79.71,73.8,81.03,86.33,48.26,95.2,48.26
Bronte,en,romantique,1,1425,84.22,85.35,83.84,88,48,95.2,48
Bronte,en,romantique,2,1414,87.52,91.58,88.54,89.33,49.42,95.6,49.42
Bronte,en,romantique,3,1422,82.95,79.54,82.24,87.33,57.17,95.6,57.17
Bronte,en,romantique,4,1421,82.88,74.65,84.41,88,67.99,95.6,67.99
Austen,en,social,0,1588,79.69,71.68,89.51,85.33,41.2,95.6,41.2
Austen,en,social,1,1460,82.89,78.24,88.28,87,51.13,95.6,51.13
Austen,en,social,2,1485,79.8,74.8,79.04,87.33,50.83,94,50.83
Austen,en,social,3,1541,86.35,90.7,85.59,86.33,53.18,94.4,53.18
Austen,en,social,4,1470,79.07,72.39,87,86.67,37.88,94.4,37.88
Melville,en,epique,0,1449,81.82,76.78,89.46,86.33,45.25,95.2,45.25
Melville,en,epique,1,1424,85.78,90.23,82.81,89.67,46.82,95.2,46.82
Melville,en,epique,2,1486,78.37,72.18,76.01,91.6,43.85,94,43.85
Melville,en,epique,3,1440,79.51,68.43,90.45,86.13,51.29,94,51.29
Melville,en,epique,4,1511,81.42,72.22,87.05,87.8,58.19,95.2,58.19
