family,lang,book,pass,size,sha16,words,sem_base,sem_salad,sem_neutral,d_salad_per100,d_neutral_per100,net_per100
maitres,fr,flaubert_bovary_14155,0,150,6a4f9d6f9ffa32e9,150,7.5,63.6,10.3,215.67,9.58,206.09
maitres,fr,flaubert_bovary_14155,0,300,b9b98bb2b80e44f0,300,10.8,42.2,12,120.8,4.19,116.61
maitres,fr,flaubert_bovary_14155,0,600,f22c56d22b6175e4,600,11.6,28,12.8,31.52,1.98,29.55
maitres,fr,flaubert_bovary_14155,0,1200,43a594987f6bc63c,1200,13.7,30,14.5,15.66,0.85,14.81
maitres,fr,flaubert_bovary_14155,0,2400,179a365a4465d9e2,2400,15.4,29.7,16.1,7.85,0.36,7.5
maitres,fr,flaubert_bovary_14155,1,150,455a31182ec622a7,150,35.8,83.6,36.5,183.77,2.18,181.59
maitres,fr,flaubert_bovary_14155,1,300,0dbcc76b388f2ac8,300,30.8,63.5,31.6,125.79,2.71,123.09
maitres,fr,flaubert_bovary_14155,1,600,73fef11c9e4614d5,600,29.2,45.5,30.1,31.38,1.61,29.77
maitres,fr,flaubert_bovary_14155,1,1200,69404129d25df540,1200,27.9,44.3,28.7,15.8,0.92,14.88
maitres,fr,flaubert_bovary_14155,1,2400,3e367981c067b3d6,2400,28.7,43.2,29.6,7.94,0.42,7.52
maitres,fr,flaubert_bovary_14155,-1,-1,782c21b85524d7d7,4000,31.1,45.8,31.8,4.7,0.2,4.5
maitres,fr,hugo_miserables_17489,0,150,bcb5bb9d756e1da8,150,38.9,80.9,39.1,161.52,0.44,161.09
maitres,fr,hugo_miserables_17489,0,300,1878575e255a0761,300,25.8,60.3,26.5,132.94,2.71,130.24
maitres,fr,hugo_miserables_17489,0,600,f1b388ca7d264f3f,600,31.6,47.5,32.3,30.72,1.23,29.49
maitres,fr,hugo_miserables_17489,0,1200,770010dc8246dd17,1200,29.5,45.8,30.2,15.6,0.79,14.81
maitres,fr,hugo_miserables_17489,0,2400,587bdd0f2ebffbd9,2400,31.6,45.9,32.3,7.81,0.31,7.5
maitres,fr,hugo_miserables_17489,1,150,9e7acab16a4a36b0,150,14.2,59.4,15.9,174.1,5.91,168.19
maitres,fr,hugo_miserables_17489,1,300,c3ece71e2a2dc19b,300,23.3,51.6,26.2,108.88,9.81,99.07
maitres,fr,hugo_miserables_17489,1,600,f131dde227d65707,600,21.7,37.8,22.4,31.04,1.23,29.81
maitres,fr,hugo_miserables_17489,1,1200,26eaaf9ee5f9d417,1200,22.1,38.2,22.6,15.49,0.6,14.89
maitres,fr,hugo_miserables_17489,1,2400,0bb7a1329024ff66,2400,21.3,35.5,21.9,7.85,0.33,7.53
maitres,fr,hugo_miserables_17489,-1,-1,b0b11275ece05bc8,4000,12.6,27.5,13.5,4.78,0.28,4.5
maitres,fr,proust_swann_2650,0,150,fac375b39e3e98d9,150,20,82.3,18.7,239.51,-4.58,244.09
maitres,fr,proust_swann_2650,0,300,df3674d8a81f91e0,300,29.2,65.5,25.1,139.77,-14.03,153.79
maitres,fr,proust_swann_2650,0,600,2758ed1a876961a6,600,30.8,47,31.6,31.17,1.35,29.81
maitres,fr,proust_swann_2650,0,1200,97168e8087413062,1200,31.7,47.8,32.2,15.52,0.63,14.89
maitres,fr,proust_swann_2650,0,2400,b047a5737920e3ce,2400,32.1,46.3,32.7,7.82,0.29,7.53
maitres,fr,proust_swann_2650,1,150,56a22b62feaa7ea4,150,5.8,76.6,5.6,272.14,-0.85,273
maitres,fr,proust_swann_2650,1,300,06c557ea32cc1247,300,16.7,45.1,12.2,109.39,-15.55,124.93
maitres,fr,proust_swann_2650,1,600,823a989ddadb110e,600,13.3,29.7,14.3,31.55,1.73,29.82
maitres,fr,proust_swann_2650,1,1200,467e04e3f32b566d,1200,13.3,29.7,14.1,15.76,0.89,14.88
maitres,fr,proust_swann_2650,1,2400,fdf944389529990c,2400,13.3,27.8,14.2,7.95,0.44,7.52
maitres,fr,proust_swann_2650,-1,-1,124fb8a04bfa3c55,4000,23.9,38.7,24.7,4.75,0.25,4.49
maitres,fr,zola_bete_10007,0,150,c3c6b3f472e6bf80,150,7.5,48.6,7.8,157.97,0.96,157.02
maitres,fr,zola_bete_10007,0,300,b34788890da1ff11,300,12.4,36.1,13.5,91.09,3.68,87.4
maitres,fr,zola_bete_10007,0,600,223695b670a215d9,600,14.8,30.8,15.7,30.71,1.48,29.23
maitres,fr,zola_bete_10007,0,1200,d239886c04bc1165,1200,13.2,29.4,14,15.56,0.88,14.67
maitres,fr,zola_bete_10007,0,2400,7bd6366f27fbd310,2400,12.4,26.7,13.4,7.87,0.47,7.4
maitres,fr,zola_bete_10007,1,150,9000c8bfbc0c871d,150,10,53.2,10.2,166.25,0.85,165.4
maitres,fr,zola_bete_10007,1,300,de6055a81fe332b6,300,14.2,40.7,15.5,102.26,4.7,97.56
maitres,fr,zola_bete_10007,1,600,a5a7ce1ac0694466,600,18.3,34.6,19.3,31.32,1.73,29.59
maitres,fr,zola_bete_10007,1,1200,2c0418624532602e,1200,18.2,34.4,19,15.52,0.88,14.64
maitres,fr,zola_bete_10007,1,2400,c0d1e2136b32763a,2400,17.2,31.6,18.2,7.91,0.47,7.43
maitres,fr,zola_bete_10007,-1,-1,b8fd5557fedb851e,4000,23.9,38.7,24.7,4.72,0.25,4.47
maitres,fr,maupassant_bel_ami_3088,0,150,dcb9087536d722a9,150,10,53.6,10.3,167.59,0.96,166.63
maitres,fr,maupassant_bel_ami_3088,0,300,e60394175f083ab1,300,7.5,34.1,9,102.37,5.16,97.21
maitres,fr,maupassant_bel_ami_3088,0,600,335fb8f312ee9731,600,10,26.4,11.2,31.54,2.21,29.33
maitres,fr,maupassant_bel_ami_3088,0,1200,a05faa95831a5805,1200,9.1,25.7,10.2,15.91,1.2,14.72
maitres,fr,maupassant_bel_ami_3088,0,2400,4fc63f085bae02e7,2400,10.8,25.4,11.9,8,0.53,7.47
maitres,fr,maupassant_bel_ami_3088,1,150,199e64ab59062b40,150,7.5,53.2,10.2,175.87,9.47,166.4
maitres,fr,maupassant_bel_ami_3088,1,300,613ccaf722b38cdf,300,14.1,45.2,20,119.8,20.44,99.36
maitres,fr,maupassant_bel_ami_3088,1,600,f4e4812d978c3625,600,30.8,46.8,31.5,30.89,1.35,29.54
maitres,fr,maupassant_bel_ami_3088,1,1200,d03061a49d5300fa,1200,31.2,47.3,31.8,15.47,0.66,14.81
maitres,fr,maupassant_bel_ami_3088,1,2400,32beb1a74708e555,2400,32.9,47,33.4,7.76,0.26,7.49
maitres,fr,maupassant_bel_ami_3088,-1,-1,2e0d88fb32e0558c,4000,43,57.5,43.5,4.62,0.15,4.47
maitres,en,dickens_two_cities_98,0,150,d327cc8061051827,150,5,75.3,0,260.32,-15.63,275.95
maitres,en,dickens_two_cities_98,0,300,60ffbfa886ae16e8,300,5,32.9,5,103.37,0,103.37
maitres,en,dickens_two_cities_98,0,600,db372a8976478a79,600,10,27.8,9.7,33.1,-0.36,33.46
maitres,en,dickens_two_cities_98,0,1200,d7b0774bd71d01a3,1200,10.4,28.2,10.2,16.53,-0.22,16.75
maitres,en,dickens_two_cities_98,0,2400,d98345f50bf676cc,2400,10.2,26,10,8.35,-0.1,8.46
maitres,en,dickens_two_cities_98,1,150,a3d31f8ce5f5c116,150,5,76.4,5,264.44,0,264.44
maitres,en,dickens_two_cities_98,1,300,e2610127d72f30d4,300,22.2,49.4,21.3,100.46,-2.86,103.33
maitres,en,dickens_two_cities_98,1,600,b0ab6737a0772862,600,32.4,49.7,31.4,32.08,-1.47,33.55
maitres,en,dickens_two_cities_98,1,1200,d139333393ef9836,1200,31.5,48.8,30.8,16.03,-0.68,16.71
maitres,en,dickens_two_cities_98,1,2400,3875899f3e0b2b3a,2400,29.7,45.1,29.1,8.17,-0.27,8.44
maitres,en,dickens_two_cities_98,-1,-1,c7853ede4ce31dd8,4000,21.6,37.4,20.9,4.89,-0.21,5.1
maitres,en,austen_pride_1342,0,150,603ad3ba75571062,150,8.3,59,7.7,187.8,-1.81,189.61
maitres,en,austen_pride_1342,0,300,de895889a3aa3823,300,6.7,32.3,6.5,94.82,-0.5,95.31
maitres,en,austen_pride_1342,0,600,34d7356dfe198333,600,6.6,24.6,6.5,33.27,-0.24,33.51
maitres,en,austen_pride_1342,0,1200,346f3b517af358a7,1200,6.6,24.7,6.5,16.67,-0.13,16.8
maitres,en,austen_pride_1342,0,2400,8f20de1de0d0f010,2400,6.2,22.2,6.1,8.46,-0.05,8.5
maitres,en,austen_pride_1342,1,150,637cb0f7bb63655d,150,7.5,56,7.5,179.7,0,179.7
maitres,en,austen_pride_1342,1,300,0fefd5614f6d8481,300,9.1,32,9,84.76,-0.48,85.24
maitres,en,austen_pride_1342,1,600,aee7545eda6fc845,600,8.3,26.2,8.2,33.1,-0.12,33.22
maitres,en,austen_pride_1342,1,1200,d6e29e2b141f15e8,1200,10,27.8,9.8,16.5,-0.19,16.69
maitres,en,austen_pride_1342,1,2400,015def73befe055b,2400,10.6,26.4,10.4,8.38,-0.12,8.5
maitres,en,austen_pride_1342,-1,-1,bf080d950b808126,4000,9.8,26,9.7,5,-0.05,5.06
maitres,en,melville_moby_2701,0,150,e26dc9fadde46ccf,150,6.7,80.5,13,273.63,19.77,253.86
maitres,en,melville_moby_2701,0,300,42d01dc777babf1b,300,5,45.4,9.5,149.76,14.12,135.64
maitres,en,melville_moby_2701,0,600,d874b5719306616f,600,11.7,29.7,11.3,33.34,-0.63,33.97
maitres,en,melville_moby_2701,0,1200,e1753080e7598fba,1200,10,28.1,9.8,16.8,-0.19,16.99
maitres,en,melville_moby_2701,0,2400,14f1f042f5365c28,2400,10,26,9.8,8.47,-0.1,8.57
maitres,en,melville_moby_2701,1,150,f4714839cbe13946,150,15.8,59.2,10.2,160.7,-17.46,178.16
maitres,en,melville_moby_2701,1,300,a94e9d6abbe12e31,300,12.5,45.4,12,121.98,-1.51,123.49
maitres,en,melville_moby_2701,1,600,ef45f0c776ef6487,600,20.8,38.8,20.5,33.37,-0.5,33.87
maitres,en,melville_moby_2701,1,1200,61bf6026b469e65e,1200,22.1,40,21.7,16.61,-0.35,16.97
maitres,en,melville_moby_2701,1,2400,b6e48910b0e4e3c8,2400,20.6,36.6,20.4,8.46,-0.12,8.58
maitres,en,melville_moby_2701,-1,-1,1df5a2951e7e467e,4000,27.5,43.7,27.1,5,-0.11,5.11
maitres,en,bronte_e_wuthering_768,0,150,4d6f8d841c9a0f72,150,42.1,82,30.5,147.66,-36.36,184.02
maitres,en,bronte_e_wuthering_768,0,300,3b0636ee82f3b0f0,300,40.6,66.4,29.9,95.58,-33.65,129.23
maitres,en,bronte_e_wuthering_768,0,600,760acd5e629ab70a,600,39.1,56.7,38.5,32.62,-0.98,33.6
maitres,en,bronte_e_wuthering_768,0,1200,dc7f49e0f4925b0d,1200,38.3,55.9,37.8,16.36,-0.44,16.8
maitres,en,bronte_e_wuthering_768,0,2400,e7869f156f6d6dd2,2400,38,53.6,37.6,8.25,-0.21,8.46
maitres,en,bronte_e_wuthering_768,1,150,5c9f93dd32e36d17,150,14.1,71.6,12.9,213.06,-3.58,216.64
maitres,en,bronte_e_wuthering_768,1,300,9ec2bf5be874c3ea,300,14.1,39.1,13.4,92.74,-1.95,94.68
maitres,en,bronte_e_wuthering_768,1,600,55381e8843513f22,600,16.6,34.3,16.2,32.8,-0.61,33.41
maitres,en,bronte_e_wuthering_768,1,1200,1e49e97d4de22f3d,1200,15.4,33.1,15.1,16.43,-0.22,16.65
maitres,en,bronte_e_wuthering_768,1,2400,56a69a558cde4be6,2400,14.9,30.7,14.8,8.33,-0.09,8.42
maitres,en,bronte_e_wuthering_768,-1,-1,3af42a6d2b6cd31f,4000,17.1,33.3,16.8,5,-0.11,5.11
maitres,en,george_eliot_middlemarch,0,150,43d673696698ef13,150,7.5,46.4,5,144.07,-7.81,151.88
maitres,en,george_eliot_middlemarch,0,300,584a87079da9d813,300,7.5,40.7,7.5,123.1,0,123.1
maitres,en,george_eliot_middlemarch,0,600,63a3a9c7482bbba8,600,9.2,27.3,9,33.57,-0.25,33.82
maitres,en,george_eliot_middlemarch,0,1200,b09d3bf38d34e33f,1200,10,27.9,9.8,16.6,-0.19,16.79
maitres,en,george_eliot_middlemarch,0,2400,b0fbe7e4fb57d6f8,2400,9.8,25.6,9.6,8.39,-0.09,8.48
maitres,en,george_eliot_middlemarch,1,150,ed548e9153f000fa,150,0,75.6,0,280.18,0,280.18
maitres,en,george_eliot_middlemarch,1,300,7b7fae2ca5eee9d9,300,12.4,35,11.9,83.59,-1.44,85.03
maitres,en,george_eliot_middlemarch,1,600,7401a99a6d84a18e,600,7.5,25.4,7.2,33.2,-0.37,33.56
maitres,en,george_eliot_middlemarch,1,1200,5e5d2567178fbc41,1200,7.5,25.5,7.3,16.67,-0.19,16.86
maitres,en,george_eliot_middlemarch,1,2400,d6256b420e1478c2,2400,8.7,24.5,8.4,8.37,-0.14,8.51
maitres,en,george_eliot_middlemarch,-1,-1,7ad5f6bcccd44b64,4000,11.1,27.3,10.8,4.99,-0.08,5.08
bestsellers,fr,projet_derniere_chance_french_edition_andy_weir,0,150,429905e23b426991,150,10.9,57.4,13.2,178.69,7.9,170.79
bestsellers,fr,projet_derniere_chance_french_edition_andy_weir,0,300,a0318f57b8f10539,300,19.3,45.9,20.2,102.25,3.23,99.02
bestsellers,fr,projet_derniere_chance_french_edition_andy_weir,0,600,d5dc80983e6f828a,600,25.1,41.5,25.9,31.62,1.48,30.14
bestsellers,fr,projet_derniere_chance_french_edition_andy_weir,0,1200,0c241429931259d6,1200,25.1,41.7,25.8,15.9,0.76,15.15
bestsellers,fr,projet_derniere_chance_french_edition_andy_weir,0,2400,96f03f327692a84f,2400,24.8,39.5,25.5,8.09,0.39,7.7
bestsellers,fr,projet_derniere_chance_french_edition_andy_weir,1,150,9a7a940a68fe9ab7,150,14.2,59.6,15.9,174.74,5.92,168.82
bestsellers,fr,projet_derniere_chance_french_edition_andy_weir,1,300,301678603d220bc0,300,15.9,34.8,16.7,72.5,2.71,69.79
bestsellers,fr,projet_derniere_chance_french_edition_andy_weir,1,600,64e218b2cb784d19,600,19.3,35.5,19.8,31.01,0.83,30.18
bestsellers,fr,projet_derniere_chance_french_edition_andy_weir,1,1200,c783b8e794f95960,1200,18.2,34.5,18.6,15.73,0.52,15.21
bestsellers,fr,projet_derniere_chance_french_edition_andy_weir,1,2400,cb0dbbfa6d4ba31d,2400,18,32.5,18.5,7.97,0.27,7.7
bestsellers,fr,projet_derniere_chance_french_edition_andy_weir,-1,-1,3117e0870508caf4,4000,34.2,49,34.7,4.72,0.13,4.59
bestsellers,fr,le_crime_du_paradis_french_edition_guillaume_musso,0,150,da4446bae584e69d,150,19.3,69.9,16,194.61,-11.32,205.93
bestsellers,fr,le_crime_du_paradis_french_edition_guillaume_musso,0,300,9cb255e21b9367a8,300,12.6,34.3,13.7,83.55,3.75,79.79
bestsellers,fr,le_crime_du_paradis_french_edition_guillaume_musso,0,600,cd9e514a7dc56e6f,600,10.9,27.7,12.1,32.32,2.13,30.19
bestsellers,fr,le_crime_du_paradis_french_edition_guillaume_musso,0,1200,5f8b6474ade8f3d6,1200,11.3,28.1,12.2,16.12,1.06,15.06
bestsellers,fr,le_crime_du_paradis_french_edition_guillaume_musso,0,2400,99cc807f12a4e004,2400,12.1,26.8,13.1,8.07,0.49,7.58
bestsellers,fr,le_crime_du_paradis_french_edition_guillaume_musso,1,150,3924dc35f6a2be62,150,14.4,60.5,16.1,177.37,5.95,171.42
bestsellers,fr,le_crime_du_paradis_french_edition_guillaume_musso,1,300,0cf9e67c4ea2411c,300,32.7,62.6,33.3,114.84,2.18,112.66
bestsellers,fr,le_crime_du_paradis_french_edition_guillaume_musso,1,600,4ceefc25afe971bb,600,41.1,57.3,41.7,31.18,1.1,30.09
bestsellers,fr,le_crime_du_paradis_french_edition_guillaume_musso,1,1200,fc2cb52d73214422,1200,44.9,60.8,45.1,15.29,0.26,15.02
bestsellers,fr,le_crime_du_paradis_french_edition_guillaume_musso,1,2400,e62322ae4b1bd368,2400,43.4,57.6,43.8,7.78,0.19,7.59
bestsellers,fr,le_crime_du_paradis_french_edition_guillaume_musso,-1,-1,ecfe402783a433bc,4000,19.6,34.5,20.3,4.78,0.24,4.54
bestsellers,fr,mille_petits_riens_french_edition_jodi_picoult,0,150,4cdca4e23a9da250,150,14.2,59.6,15.9,174.74,5.92,168.82
bestsellers,fr,mille_petits_riens_french_edition_jodi_picoult,0,300,eaa1905d7d5b8a8f,300,17.6,43.9,18.3,101.01,2.19,98.82
bestsellers,fr,mille_petits_riens_french_edition_jodi_picoult,0,600,c974e662c04708ea,600,25.9,42.2,26.7,31.4,1.35,30.04
bestsellers,fr,mille_petits_riens_french_edition_jodi_picoult,0,1200,95977ace093698c0,1200,25.9,42.2,26.5,15.7,0.69,15.01
bestsellers,fr,mille_petits_riens_french_edition_jodi_picoult,0,2400,32ca13301c4ea22f,2400,24.4,38.9,25.2,7.97,0.4,7.57
bestsellers,fr,mille_petits_riens_french_edition_jodi_picoult,1,150,9d946cf53ffcdc98,150,14.3,80.1,16,252.96,5.93,247.03
bestsellers,fr,mille_petits_riens_french_edition_jodi_picoult,1,300,5cefed4a12cc8b3c,300,14.3,33.3,15.2,73.21,3.23,69.99
bestsellers,fr,mille_petits_riens_french_edition_jodi_picoult,1,600,0d8c6262321faa64,600,15.9,32.3,16.7,31.54,1.35,30.18
bestsellers,fr,mille_petits_riens_french_edition_jodi_picoult,1,1200,03b4159e95a032ea,1200,15.1,31.6,15.8,15.85,0.76,15.09
bestsellers,fr,mille_petits_riens_french_edition_jodi_picoult,1,2400,090450ee9c0d4e1b,2400,18,32.3,18.6,7.86,0.26,7.6
bestsellers,fr,mille_petits_riens_french_edition_jodi_picoult,-1,-1,170b3371068e839b,4000,25.8,40.4,26.3,4.67,0.15,4.52
bestsellers,fr,fourth_wing_tome_2_french_edition_rebecca_yarros,0,150,81d63fe3bdb97a53,150,17.6,82.5,16.2,249.74,-4.59,254.33
bestsellers,fr,fourth_wing_tome_2_french_edition_rebecca_yarros,0,300,e33a1812661033c0,300,14.2,45.6,15.1,120.91,3.22,117.69
bestsellers,fr,fourth_wing_tome_2_french_edition_rebecca_yarros,0,600,635ccf6064239248,600,17.5,34.1,18.6,31.92,1.87,30.05
bestsellers,fr,fourth_wing_tome_2_french_edition_rebecca_yarros,0,1200,1eb99a3f6d0ccce3,1200,19.3,35.8,20,15.9,0.82,15.07
bestsellers,fr,fourth_wing_tome_2_french_edition_rebecca_yarros,0,2400,acefcd04c3a1e056,2400,23.3,37.6,23.8,7.86,0.25,7.61
bestsellers,fr,fourth_wing_tome_2_french_edition_rebecca_yarros,1,150,8b7f7827a305be3c,150,22.6,62.7,21.3,154.21,-4.61,158.82
bestsellers,fr,fourth_wing_tome_2_french_edition_rebecca_yarros,1,300,c2bba1873efc8369,300,39.3,66.5,34.4,104.51,-17.12,121.63
bestsellers,fr,fourth_wing_tome_2_french_edition_rebecca_yarros,1,600,90a7d43a2d5d4f0b,600,41.1,56.8,41,30.05,-0.22,30.26
bestsellers,fr,fourth_wing_tome_2_french_edition_rebecca_yarros,1,1200,28a997f636f46c9f,1200,39.4,55.1,39.4,15.12,0.03,15.1
bestsellers,fr,fourth_wing_tome_2_french_edition_rebecca_yarros,1,2400,e9a4a3e546e7d16f,2400,38.1,52.1,38.3,7.69,0.06,7.62
bestsellers,fr,fourth_wing_tome_2_french_edition_rebecca_yarros,-1,-1,fbe74b30bd3624af,4000,27.7,42.4,28.2,4.71,0.16,4.55
bestsellers,fr,il_faut_qu_on_parle_de_kevin_french_edition_lionel_shriver,0,150,7a1eb68c4467edc3,150,20.8,73.1,18.1,200.99,-9.47,210.46
bestsellers,fr,il_faut_qu_on_parle_de_kevin_french_edition_lionel_shriver,0,300,0c908ed95f5ccf51,300,25.8,60.5,26.6,133.49,2.71,130.78
bestsellers,fr,il_faut_qu_on_parle_de_kevin_french_edition_lionel_shriver,0,600,65315c81944c3d88,600,22.5,39.1,23.6,31.92,1.87,30.05
bestsellers,fr,il_faut_qu_on_parle_de_kevin_french_edition_lionel_shriver,0,1200,fdd72591b88c43a8,1200,24.2,40.7,24.9,15.83,0.82,15
bestsellers,fr,il_faut_qu_on_parle_de_kevin_french_edition_lionel_shriver,0,2400,d8f88d06f15980a8,2400,21.7,36.4,22.7,8.09,0.5,7.58
bestsellers,fr,il_faut_qu_on_parle_de_kevin_french_edition_lionel_shriver,1,150,cb056fd16203a7f7,150,10.9,72.2,10.7,235.7,-0.76,236.45
bestsellers,fr,il_faut_qu_on_parle_de_kevin_french_edition_lionel_shriver,1,300,455713c6bc234d01,300,10.9,62.6,12.1,199.06,4.26,194.81
bestsellers,fr,il_faut_qu_on_parle_de_kevin_french_edition_lionel_shriver,1,600,a165c578f02b0d1d,600,11.7,28.4,12.9,32.09,2,30.1
bestsellers,fr,il_faut_qu_on_parle_de_kevin_french_edition_lionel_shriver,1,1200,2aefabf6e12cfcd3,1200,11.7,28.3,12.6,16.01,1.02,14.99
bestsellers,fr,il_faut_qu_on_parle_de_kevin_french_edition_lionel_shriver,1,2400,fdc00a912f3a982f,2400,11.5,26.2,12.5,8.1,0.51,7.59
bestsellers,fr,il_faut_qu_on_parle_de_kevin_french_edition_lionel_shriver,-1,-1,56ea09f477f9e0e6,4000,29.9,44.7,30.6,4.74,0.23,4.52
bestsellers,en,andy_weir_the_martian,0,150,524ad6199b0390ac,150,23.4,61.2,20.7,139.9,-8.43,148.32
bestsellers,en,andy_weir_the_martian,0,300,909c531de61aad6a,300,15.6,37.9,14.9,82.43,-2.39,84.82
bestsellers,en,andy_weir_the_martian,0,600,2edf84ff4a6653f1,600,16.5,33.8,15.6,32.06,-1.33,33.4
bestsellers,en,andy_weir_the_martian,0,1200,ef72751180bf156a,1200,14.1,31.7,13.6,16.33,-0.5,16.84
bestsellers,en,andy_weir_the_martian,0,2400,42749a1906a62271,2400,12.9,28.6,12.5,8.32,-0.21,8.53
bestsellers,en,andy_weir_the_martian,1,150,229c12fd361b0038,150,10.8,54.2,7.7,160.7,-9.64,170.35
bestsellers,en,andy_weir_the_martian,1,300,7f2f8d4fb86c311a,300,14.2,39.5,13.5,93.7,-2.01,95.7
bestsellers,en,andy_weir_the_martian,1,600,1666291e65c7fb3d,600,16.6,34.2,16.2,32.71,-0.6,33.31
bestsellers,en,andy_weir_the_martian,1,1200,45065aa4b9e7c481,1200,15.8,33.5,15.5,16.43,-0.25,16.67
bestsellers,en,andy_weir_the_martian,1,2400,0de2a5e0d5e9d60f,2400,16.5,32,16.3,8.2,-0.15,8.35
bestsellers,en,andy_weir_the_martian,-1,-1,d5abd9be83dea991,4000,17.4,33.3,17,4.91,-0.11,5.02
bestsellers,en,colleen_hoover_it_ends_with_us,0,150,8224632af8f6f26c,150,10.7,58.4,10.2,176.54,-1.75,178.28
bestsellers,en,colleen_hoover_it_ends_with_us,0,300,cfdeb0772b23675b,300,15.8,43.6,13,103.18,-8.79,111.97
bestsellers,en,colleen_hoover_it_ends_with_us,0,600,a9cfd6f865e03819,600,20.7,38.1,19.9,32.23,-1.22,33.45
bestsellers,en,colleen_hoover_it_ends_with_us,0,1200,19fcfa09a504196c,1200,20.4,37.9,19.8,16.28,-0.6,16.88
bestsellers,en,colleen_hoover_it_ends_with_us,0,2400,bb26436c6f1fea89,2400,19.1,34.8,18.6,8.29,-0.25,8.54
bestsellers,en,colleen_hoover_it_ends_with_us,1,150,a231e89792b2d700,150,25.7,80.9,18.4,204.44,-22.86,227.3
bestsellers,en,colleen_hoover_it_ends_with_us,1,300,8919a6f1c3fde2bc,300,22.4,44.7,16.4,82.67,-18.56,101.24
bestsellers,en,colleen_hoover_it_ends_with_us,1,600,59bd06e03573abe0,600,23.2,40.5,22.2,32.04,-1.6,33.65
bestsellers,en,colleen_hoover_it_ends_with_us,1,1200,896c91a3e9aeeade,1200,21.2,38.6,20.5,16.18,-0.66,16.84
bestsellers,en,colleen_hoover_it_ends_with_us,1,2400,1911b63c52d956c1,2400,20.8,36.4,20.2,8.23,-0.32,8.55
bestsellers,en,colleen_hoover_it_ends_with_us,-1,-1,c4cc50bb2f0c5de4,4000,21.6,37.3,20.9,4.85,-0.21,5.06
bestsellers,en,dan_brown_origin,0,150,1755b9af54da0524,150,8.3,51.7,7.7,160.7,-1.83,162.53
bestsellers,en,dan_brown_origin,0,300,57d3ebc2465fbfcc,300,8.3,33.8,8,94.32,-0.99,95.31
bestsellers,en,dan_brown_origin,0,600,7d01195d845d11f7,600,6.6,24.6,6.5,33.22,-0.24,33.46
bestsellers,en,dan_brown_origin,0,1200,8e0eb5bbc0e8eaa7,1200,8.7,26.5,8.4,16.52,-0.28,16.8
bestsellers,en,dan_brown_origin,0,2400,ed372b3134723233,2400,8.9,24.5,8.6,8.27,-0.15,8.42
bestsellers,en,dan_brown_origin,1,150,0d4f239c69bb2a1e,150,15.8,59,15.2,160.02,-1.81,161.83
bestsellers,en,dan_brown_origin,1,300,eefa9fd77942efdf,300,14.1,42.1,14,103.68,-0.49,104.17
bestsellers,en,dan_brown_origin,1,600,4fdb0ef903897376,600,15.8,33.5,15.4,32.78,-0.48,33.26
bestsellers,en,dan_brown_origin,1,1200,47a9964ad30c86f5,1200,17,34.8,16.7,16.43,-0.34,16.77
bestsellers,en,dan_brown_origin,1,2400,264565ec32be63a1,2400,17.4,33.1,17.1,8.27,-0.19,8.46
bestsellers,en,dan_brown_origin,-1,-1,98e91fa33b54311f,4000,12.7,28.8,12.3,4.97,-0.12,5.08
bestsellers,en,john_grisham_the_firm,0,150,faeb7fef657f11de,150,24.2,75.5,18,190.3,-19.29,209.59
bestsellers,en,john_grisham_the_firm,0,300,c36b85568b75d2fb,300,24.1,60.3,18.5,134.05,-17.61,151.66
bestsellers,en,john_grisham_the_firm,0,600,55d312d6f8f17de6,600,25.7,43.1,24.9,32.19,-1.21,33.4
bestsellers,en,john_grisham_the_firm,0,1200,b259bb78263cc186,1200,24.5,41.9,23.9,16.17,-0.53,16.7
bestsellers,en,john_grisham_the_firm,0,2400,2acc230ebffbbf2f,2400,23.6,39.1,23.2,8.19,-0.23,8.42
bestsellers,en,john_grisham_the_firm,1,150,a0028ab01048d1d1,150,15.8,69.2,15.2,197.74,-1.83,199.57
bestsellers,en,john_grisham_the_firm,1,300,becc5ca1ab5b12d7,300,22.5,55.2,22,121.4,-1.48,122.87
bestsellers,en,john_grisham_the_firm,1,600,69ade8a61ad0dcd5,600,19.9,37.7,19.7,32.85,-0.36,33.21
bestsellers,en,john_grisham_the_firm,1,1200,cebfe5eb0eebab78,1200,19.9,37.7,19.8,16.45,-0.18,16.64
bestsellers,en,john_grisham_the_firm,1,2400,023987d028d2de12,2400,21,36.6,20.7,8.27,-0.13,8.4
bestsellers,en,john_grisham_the_firm,-1,-1,9d63d1b210a983e2,4000,9.1,25.5,9,5.05,-0.04,5.09
bestsellers,en,jk_rowling_harry_potter_and_the_philosophers_stone,0,150,866943d2c9a8671f,150,18.2,68.4,17.7,185.8,-1.75,187.54
bestsellers,en,jk_rowling_harry_potter_and_the_philosophers_stone,0,300,cc362c04de91b780,300,19.9,45,21.9,93.04,6.36,86.68
bestsellers,en,jk_rowling_harry_potter_and_the_philosophers_stone,0,600,7c2bf41170dc2c06,600,20.8,38.6,20.5,33.07,-0.49,33.56
bestsellers,en,jk_rowling_harry_potter_and_the_philosophers_stone,0,1200,f9d1a834eb44d178,1200,24.1,41.7,23.6,16.28,-0.5,16.78
bestsellers,en,jk_rowling_harry_potter_and_the_philosophers_stone,0,2400,a4d258db56bb60e1,2400,23.5,39.1,23,8.26,-0.23,8.49
bestsellers,en,jk_rowling_harry_potter_and_the_philosophers_stone,1,150,1de4da6821cd3f5c,150,20.8,72.5,20.2,191.5,-1.81,193.31
bestsellers,en,jk_rowling_harry_potter_and_the_philosophers_stone,1,300,64cb8e336c70a1de,300,29.1,56.9,28.5,102.76,-2,104.76
bestsellers,en,jk_rowling_harry_potter_and_the_philosophers_stone,1,600,e0a718081c70cfd7,600,46,63.4,45,32.36,-1.5,33.85
bestsellers,en,jk_rowling_harry_potter_and_the_philosophers_stone,1,1200,95c2b4618208fd5b,1200,48.5,65.7,47.5,16,-0.96,16.96
bestsellers,en,jk_rowling_harry_potter_and_the_philosophers_stone,1,2400,ba39b9dfab96e6f9,2400,44.4,59.9,43.8,8.17,-0.32,8.49
bestsellers,en,jk_rowling_harry_potter_and_the_philosophers_stone,-1,-1,94254f5fab7dd3cc,4000,41.4,57.2,40.7,4.87,-0.2,5.08
badprose,fr,cinquante_nuances_de_grey_french_edition_el_james,0,150,35f12abf63377e75,150,15.9,57.2,15.7,158.77,-0.76,159.53
badprose,fr,cinquante_nuances_de_grey_french_edition_el_james,0,300,01e34b8e200acbf5,300,12.6,44.4,13.7,122.2,3.76,118.45
badprose,fr,cinquante_nuances_de_grey_french_edition_el_james,0,600,167fa8f7a93761ef,600,20.1,36.6,21,31.67,1.48,30.18
badprose,fr,cinquante_nuances_de_grey_french_edition_el_james,0,1200,2ef73d5639d969f3,1200,18.4,34.9,19.1,15.87,0.89,14.98
badprose,fr,cinquante_nuances_de_grey_french_edition_el_james,0,2400,645c422edd1507b0,2400,16.4,31,17.5,7.99,0.51,7.48
badprose,fr,cinquante_nuances_de_grey_french_edition_el_james,1,150,f0faa3d0417a5aff,150,25.2,58,18.9,125.99,-21.86,147.86
badprose,fr,cinquante_nuances_de_grey_french_edition_el_james,1,300,27b17761fceed4f1,300,49.5,80.9,48.7,120.76,-3.01,123.77
badprose,fr,cinquante_nuances_de_grey_french_edition_el_james,1,600,c522af4c6ba6963d,600,47.8,62.7,47,28.84,-1.23,30.07
badprose,fr,cinquante_nuances_de_grey_french_edition_el_james,1,1200,d45093c2d37bc0bc,1200,44.3,59.6,44,14.66,-0.36,15.02
badprose,fr,cinquante_nuances_de_grey_french_edition_el_james,1,2400,844f06f95bb293fd,2400,39,52.9,39,7.65,0.03,7.62
badprose,fr,cinquante_nuances_de_grey_french_edition_el_james,-1,-1,b8dd26a89ce27c85,4000,33.2,48.1,33.7,4.76,0.15,4.6
badprose,fr,le_pacte_de_sang_french_edition_laura_s_wild,0,150,602fc3a58b5d25f3,150,19.2,69.4,15.9,193.33,-11.33,204.66
badprose,fr,le_pacte_de_sang_french_edition_laura_s_wild,0,300,b3a55dfabf77758b,300,20.9,57.1,21.6,139.44,2.71,136.73
badprose,fr,le_pacte_de_sang_french_edition_laura_s_wild,0,600,842f5ddcb6b186f9,600,31.7,48,32.4,31.22,1.23,30
badprose,fr,le_pacte_de_sang_french_edition_laura_s_wild,0,1200,9c4a4c097c861d8f,1200,34.7,50.7,35,15.38,0.4,14.99
badprose,fr,le_pacte_de_sang_french_edition_laura_s_wild,0,2400,5b3ad21f65c891d9,2400,35.1,49.3,35.5,7.78,0.18,7.6
badprose,fr,le_pacte_de_sang_french_edition_laura_s_wild,1,150,6dcb53bf740ea0c9,150,46.1,86,45.1,153.27,-3.62,156.89
badprose,fr,le_pacte_de_sang_french_edition_laura_s_wild,1,300,570e82e3e41fc66f,300,41,75,40.8,130.75,-0.37,131.12
badprose,fr,le_pacte_de_sang_french_edition_laura_s_wild,1,600,78c85aa572c71ef0,600,46.1,61.8,46.3,30.27,0.33,29.94
badprose,fr,le_pacte_de_sang_french_edition_laura_s_wild,1,1200,b03702aa85fe3017,1200,45.3,61.1,45.5,15.23,0.23,15
badprose,fr,le_pacte_de_sang_french_edition_laura_s_wild,1,2400,59195a3ddbfc0dde,2400,42.6,56.8,43,7.82,0.22,7.6
badprose,fr,le_pacte_de_sang_french_edition_laura_s_wild,-1,-1,205cb54c9a8cb6e8,4000,22.6,37.3,23.1,4.72,0.17,4.55
badprose,fr,grossesse_mafia_french_edition_melanie_rain,0,150,85cdd93c54fc91d4,150,8.4,56.8,10.6,186.27,7.8,178.47
badprose,fr,grossesse_mafia_french_edition_melanie_rain,0,300,37eb7e659a7ac3f7,300,6.7,36,8.1,112.85,4.76,108.09
badprose,fr,grossesse_mafia_french_edition_melanie_rain,0,600,1052ef5296bf7609,600,12.5,28.8,13.4,31.34,1.48,29.86
badprose,fr,grossesse_mafia_french_edition_melanie_rain,0,1200,3a34251cb976cf3b,1200,12.1,28.5,12.8,15.73,0.79,14.94
badprose,fr,grossesse_mafia_french_edition_melanie_rain,0,2400,113b50d7a5169369,2400,11.7,26.2,12.5,7.98,0.41,7.57
badprose,fr,grossesse_mafia_french_edition_melanie_rain,1,150,ce6b04f69351eeeb,150,15.9,56.8,18.1,157.42,7.8,149.62
badprose,fr,grossesse_mafia_french_edition_melanie_rain,1,300,a8572dae68eef179,300,14.2,54.5,15.5,154.96,4.75,150.21
badprose,fr,grossesse_mafia_french_edition_melanie_rain,1,600,760b1fbed3fb6b5b,600,23.4,40,24.4,31.88,1.74,30.14
badprose,fr,grossesse_mafia_french_edition_melanie_rain,1,1200,cf197e9108eaa3ad,1200,23,39.6,23.8,15.99,0.92,15.06
badprose,fr,grossesse_mafia_french_edition_melanie_rain,1,2400,a281176188232c85,2400,21.5,36.2,22.5,8.1,0.51,7.59
badprose,fr,grossesse_mafia_french_edition_melanie_rain,-1,-1,5b4b2bde77ca759d,4000,33.6,48.2,34,4.68,0.14,4.54
badprose,fr,bikers_law_tome_2_french_edition_arizona_brooks,0,150,335f85a266bd81bf,150,7.5,54.3,10.3,179.97,9.8,170.17
badprose,fr,bikers_law_tome_2_french_edition_arizona_brooks,0,300,9bd3f31bbc345465,300,9.2,41.1,10.6,122.86,4.79,118.08
badprose,fr,bikers_law_tome_2_french_edition_arizona_brooks,0,600,d8b0b6ced43c6911,600,15.9,32.6,17.1,32.13,2.12,30
badprose,fr,bikers_law_tome_2_french_edition_arizona_brooks,0,1200,96b2bc298548ef1a,1200,19.7,36.1,20.3,15.83,0.79,15.04
badprose,fr,bikers_law_tome_2_french_edition_arizona_brooks,0,2400,7733d36d1fd5b5cd,2400,18.4,33.1,19.3,8.05,0.44,7.61
badprose,fr,bikers_law_tome_2_french_edition_arizona_brooks,1,150,0eb62b7215bb8673,150,7.5,53.8,10.3,177.88,9.63,168.25
badprose,fr,bikers_law_tome_2_french_edition_arizona_brooks,1,300,cac55d32034013d1,300,7.5,39.4,9,122.58,5.24,117.34
badprose,fr,bikers_law_tome_2_french_edition_arizona_brooks,1,600,2e69f5c2bd6de840,600,15,31.7,16.3,32.11,2.24,29.87
badprose,fr,bikers_law_tome_2_french_edition_arizona_brooks,1,1200,2751b49cea42a991,1200,20,36.3,20.7,15.66,0.76,14.9
badprose,fr,bikers_law_tome_2_french_edition_arizona_brooks,1,2400,014e450da0906f7a,2400,21.9,36.2,22.5,7.86,0.3,7.56
badprose,fr,bikers_law_tome_2_french_edition_arizona_brooks,-1,-1,36d1b20d49eb16e6,4000,26.9,41.3,27.1,4.61,0.07,4.55
badprose,fr,seduite_par_le_guerrier_alien_french_edition_ava_ross,0,150,5e23b4a5281ab966,150,30.9,65.4,31.5,132.44,2.15,130.29
badprose,fr,seduite_par_le_guerrier_alien_french_edition_ava_ross,0,300,4a2be2e5e60ea80a,300,32.8,63.7,32.9,118.84,0.61,118.23
badprose,fr,seduite_par_le_guerrier_alien_french_edition_ava_ross,0,600,8c8782380829fa6c,600,46,62,46.4,30.79,0.57,30.22
badprose,fr,seduite_par_le_guerrier_alien_french_edition_ava_ross,0,1200,efe935a66b409a56,1200,43.5,59.7,43.9,15.56,0.49,15.07
badprose,fr,seduite_par_le_guerrier_alien_french_edition_ava_ross,0,2400,f315660490ed8135,2400,43,57.4,43.6,7.87,0.26,7.61
badprose,fr,seduite_par_le_guerrier_alien_french_edition_ava_ross,1,150,c9ca6348300ae7db,150,27.7,73,28.9,174.07,4,170.07
badprose,fr,seduite_par_le_guerrier_alien_french_edition_ava_ross,1,300,ee25cb6dba3cf379,300,36.1,70.6,36.4,132.83,1.14,131.69
badprose,fr,seduite_par_le_guerrier_alien_french_edition_ava_ross,1,600,0c6c49d8c1379158,600,34.4,50.5,34.8,31.1,0.83,30.27
badprose,fr,seduite_par_le_guerrier_alien_french_edition_ava_ross,1,1200,dd51b8700a7090bb,1200,32.2,48.5,32.7,15.68,0.59,15.09
badprose,fr,seduite_par_le_guerrier_alien_french_edition_ava_ross,1,2400,1d63b211bc1a2c0e,2400,29.3,43.9,30.1,8.03,0.41,7.62
badprose,fr,seduite_par_le_guerrier_alien_french_edition_ava_ross,-1,-1,78cd54dc0924a6ab,4000,18.7,33.6,19.5,4.8,0.26,4.54
badprose,en,el_james_fifty_shades_of_grey,0,150,099a22917e6e914d,150,38.8,79.7,26,151.42,-40.08,191.5
badprose,en,el_james_fifty_shades_of_grey,0,300,bfdbb50179532c69,300,49,71.2,32.9,82.18,-50.3,132.48
badprose,en,el_james_fifty_shades_of_grey,0,600,91212f8d324e3b46,600,48.1,64.9,46.6,31.12,-2.31,33.43
badprose,en,el_james_fifty_shades_of_grey,0,1200,a597de6bf9c71fad,1200,45.6,62.6,44.6,15.71,-0.99,16.7
badprose,en,el_james_fifty_shades_of_grey,0,2400,48246d3818ce97a0,2400,41.5,56.8,40.8,8.1,-0.34,8.44
badprose,en,el_james_fifty_shades_of_grey,1,150,4d719022c14091b0,150,25.7,77.2,23.4,190.87,-7.15,198.02
badprose,en,el_james_fifty_shades_of_grey,1,300,e462cb7b2b598c5f,300,39.1,69.4,32.5,112.51,-20.58,133.09
badprose,en,el_james_fifty_shades_of_grey,1,600,55a936588de6a2c0,600,48.3,65.3,46.8,31.47,-2.37,33.84
badprose,en,el_james_fifty_shades_of_grey,1,1200,28e9925814760a73,1200,46.5,63.5,45.5,15.75,-1.07,16.82
badprose,en,el_james_fifty_shades_of_grey,1,2400,f7366ac886e085b2,2400,44.2,59.4,43.4,8.03,-0.45,8.48
badprose,en,el_james_fifty_shades_of_grey,-1,-1,4e6e5fd0014e6d85,4000,19.2,34.8,18.4,4.81,-0.27,5.08
badprose,en,gently_yours_gently_series_book_1_sweetblunch,0,150,fd1ec02265c89af4,150,25.7,80.9,25.9,204.44,0.57,203.87
badprose,en,gently_yours_gently_series_book_1_sweetblunch,0,300,0435d85aaca5c981,300,20.8,48.3,20,101.88,-2.46,104.34
badprose,en,gently_yours_gently_series_book_1_sweetblunch,0,600,3e8601ee04572ccd,600,24.9,42.5,24.2,32.5,-1.1,33.6
badprose,en,gently_yours_gently_series_book_1_sweetblunch,0,1200,73276dea8d13cfd9,1200,25.7,43,25.1,16.07,-0.62,16.69
badprose,en,gently_yours_gently_series_book_1_sweetblunch,0,2400,3661667597753700,2400,25.7,41,25.1,8.1,-0.31,8.41
badprose,en,gently_yours_gently_series_book_1_sweetblunch,1,150,d650b3a17d2f2ca8,150,17.4,59.4,15.7,155.67,-5.36,161.03
badprose,en,gently_yours_gently_series_book_1_sweetblunch,1,300,90d80706dc45bcfd,300,22.3,49.5,21.4,100.83,-2.9,103.73
badprose,en,gently_yours_gently_series_book_1_sweetblunch,1,600,04639ca2347434f0,600,26.5,43.9,25.7,32.2,-1.35,33.55
badprose,en,gently_yours_gently_series_book_1_sweetblunch,1,1200,d6c1c0b2cf024749,1200,27,44.5,26.3,16.15,-0.73,16.88
badprose,en,gently_yours_gently_series_book_1_sweetblunch,1,2400,0e81f4d21634232c,2400,28.8,44.1,28,8.07,-0.43,8.51
badprose,en,gently_yours_gently_series_book_1_sweetblunch,-1,-1,e938db0e682fc7f7,4000,25.3,41.3,24.8,4.93,-0.18,5.11
badprose,en,claimed_by_the_mountain_kings_alisson_bento,0,150,3f842a51e0a5faa8,150,45.9,82.9,30.7,137.15,-47.55,184.7
badprose,en,claimed_by_the_mountain_kings_alisson_bento,0,300,46e43e37665ee4c2,300,57.6,74.4,51,62.51,-20.58,83.09
badprose,en,claimed_by_the_mountain_kings_alisson_bento,0,600,cc8d193ef5cfa8ee,600,51.7,68.7,50.2,31.38,-2.35,33.74
badprose,en,claimed_by_the_mountain_kings_alisson_bento,0,1200,5066fd964b23cb8d,1200,55.1,71.8,53.7,15.47,-1.47,16.94
badprose,en,claimed_by_the_mountain_kings_alisson_bento,0,2400,608877aa3323b5d2,2400,58.1,72.6,56.5,7.68,-0.85,8.53
badprose,en,claimed_by_the_mountain_kings_alisson_bento,1,150,4ea6be683555a651,150,35.7,77.4,28.4,154.44,-22.86,177.3
badprose,en,claimed_by_the_mountain_kings_alisson_bento,1,300,f35e23a80eb972e1,300,37.4,65.9,36,105.61,-4.46,110.07
badprose,en,claimed_by_the_mountain_kings_alisson_bento,1,600,1894d3ff94e356a4,600,41.5,58.2,39.7,30.84,-2.84,33.68
badprose,en,claimed_by_the_mountain_kings_alisson_bento,1,1200,047fad004970b18f,1200,37.8,54.7,36.7,15.7,-1.17,16.87
badprose,en,claimed_by_the_mountain_kings_alisson_bento,1,2400,dbd666ecb6bc38e7,2400,42.6,57.3,41.1,7.76,-0.77,8.53
badprose,en,claimed_by_the_mountain_kings_alisson_bento,-1,-1,a3b846b34cf419ea,4000,42.2,57.3,40.7,4.67,-0.45,5.12
badprose,en,milked_by_the_italian_mafia_hucow_for_mafioso_book_1_leandra_camilli,0,150,9054285b3cf9e74f,150,23.2,67.4,18.4,163.7,-15.05,178.75
badprose,en,milked_by_the_italian_mafia_hucow_for_mafioso_book_1_leandra_camilli,0,300,5897158ae41df472,300,39.1,56,30,62.69,-28.43,91.11
badprose,en,milked_by_the_italian_mafia_hucow_for_mafioso_book_1_leandra_camilli,0,600,454a58a354f08036,600,48.3,65.7,47.3,32.28,-1.63,33.9
badprose,en,milked_by_the_italian_mafia_hucow_for_mafioso_book_1_leandra_camilli,0,1200,e05425b2cdaa39a9,1200,44.6,62.3,44,16.4,-0.54,16.94
badprose,en,milked_by_the_italian_mafia_hucow_for_mafioso_book_1_leandra_camilli,0,2400,547202fc89c0918b,2400,43.3,59,42.9,8.31,-0.22,8.54
badprose,en,milked_by_the_italian_mafia_hucow_for_mafioso_book_1_leandra_camilli,1,150,9054285b3cf9e74f,150,23.2,67.4,18.4,163.7,-15.05,178.75
badprose,en,milked_by_the_italian_mafia_hucow_for_mafioso_book_1_leandra_camilli,1,300,5897158ae41df472,300,39.1,56,30,62.69,-28.43,91.11
badprose,en,milked_by_the_italian_mafia_hucow_for_mafioso_book_1_leandra_camilli,1,600,454a58a354f08036,600,48.3,65.7,47.3,32.28,-1.63,33.9
badprose,en,milked_by_the_italian_mafia_hucow_for_mafioso_book_1_leandra_camilli,1,1200,e05425b2cdaa39a9,1200,44.6,62.3,44,16.4,-0.54,16.94
badprose,en,milked_by_the_italian_mafia_hucow_for_mafioso_book_1_leandra_camilli,1,2400,547202fc89c0918b,2400,43.3,59,42.9,8.31,-0.22,8.54
badprose,en,milked_by_the_italian_mafia_hucow_for_mafioso_book_1_leandra_camilli,-1,-1,9180a93511b0d590,4000,16.7,32.8,16.2,4.95,-0.15,5.11
badprose,en,the_reno_man_and_my_hotwife_epub_the_reno_man,0,150,1fc8aaad80961c3e,150,17.5,81.4,15.7,236.57,-5.49,242.06
badprose,en,the_reno_man_and_my_hotwife_epub_the_reno_man,0,300,743453792b40666b,300,15.8,62,15,170.97,-2.51,173.48
badprose,en,the_reno_man_and_my_hotwife_epub_the_reno_man,0,600,46f9236adc2b6141,600,30,47.6,29.2,32.69,-1.12,33.81
badprose,en,the_reno_man_and_my_hotwife_epub_the_reno_man,0,1200,4cba23186de3479a,1200,29.5,47.1,29,16.32,-0.54,16.85
badprose,en,the_reno_man_and_my_hotwife_epub_the_reno_man,0,2400,45bb5b508a1a7ac1,2400,29.1,44.8,28.7,8.3,-0.26,8.56
badprose,en,the_reno_man_and_my_hotwife_epub_the_reno_man,1,150,53bd91fc91d0a265,150,22.4,64.6,15.7,156.3,-21.05,177.35
badprose,en,the_reno_man_and_my_hotwife_epub_the_reno_man,1,300,f835e75796d68195,300,21.6,41.6,15.9,74.22,-17.57,91.79
badprose,en,the_reno_man_and_my_hotwife_epub_the_reno_man,1,600,8100e39b8f4d2293,600,15.8,31,12.7,28.21,-4.77,32.98
badprose,en,the_reno_man_and_my_hotwife_epub_the_reno_man,1,1200,9a729bf0a08edf8b,1200,17.4,35.1,16.9,16.31,-0.57,16.88
badprose,en,the_reno_man_and_my_hotwife_epub_the_reno_man,1,2400,08b4af0d16501acf,2400,18.9,34.4,18.3,8.2,-0.34,8.54
badprose,en,the_reno_man_and_my_hotwife_epub_the_reno_man,-1,-1,80042fded527712c,4000,30.1,46.1,29.5,4.94,-0.17,5.11
